2017.09.25,203 ,0,0.00%,0
2017.09.26,211 ,8.00,+3.94%,0
2017.09.27,232 ,21.00,+9.95%,0
2017.09.28,222 ,10.00,-4.31%,0
2017.09.29,220 ,2.00,-0.90%,0
2017.09.30,224 ,4.00,+1.82%,0
2017.10.01,234 ,10.00,+4.46%,0
2017.10.02,232 ,2.00,-0.85%,0
2017.10.03,235 ,3.00,+1.29%,0
2017.10.04,248 ,13.00,+5.53%,0
2017.10.05,271 ,23.00,+9.27%,0
2017.10.06,269 ,2.00,-0.74%,0
2017.10.07,273 ,4.00,+1.49%,0
2017.10.08,319 ,46.00,+16.85%,0
2017.10.09,286 ,33.00,-10.34%,0
2017.10.10,298 ,12.00,+4.20%,0
2017.10.11,303 ,5.00,+1.68%,0
2017.10.12,286 ,17.00,-5.61%,0
2017.10.13,294 ,8.00,+2.80%,0
2017.10.14,287 ,7.00,-2.38%,0
2017.10.15,299 ,12.00,+4.18%,0
2017.10.16,290 ,9.00,-3.01%,0
2017.10.17,261 ,29.00,-10.00%,0
2017.10.18,249 ,12.00,-4.60%,81
2017.10.19,245 ,4.00,-1.61%,235
2017.10.20,238 ,7.00,-2.86%,65
2017.10.24,239 ,1.00,+0.42%,2
2017.10.25,233 ,6.00,-2.51%,2
2017.10.26,231 ,2.00,-0.86%,2
2017.10.27,233 ,2.00,+0.87%,2
2017.10.28,232 ,1.00,-0.43%,2
2017.10.29,228 ,4.00,-1.72%,2
2017.10.30,229 ,1.00,+0.44%,4
2017.10.31,229 ,0,0.00%,2
2017.11.01,219 ,10.00,-4.37%,2
2017.11.02,236 ,17.00,+7.76%,2
2017.11.03,235 ,1.00,-0.42%,2
2017.11.04,227 ,8.00,-3.40%,2
2017.11.05,228 ,1.00,+0.44%,2
2017.11.06,235 ,7.00,+3.07%,1
2017.11.07,239 ,4.00,+1.70%,6
2017.11.08,243 ,4.00,+1.67%,6
2017.11.09,247 ,4.00,+1.65%,6
2017.11.10,233 ,14.00,-5.67%,6
2017.11.11,241 ,8.00,+3.43%,6
2017.11.12,234 ,7.00,-2.90%,4
2017.11.13,231 ,3.00,-1.28%,"15,508,416"
2017.11.14,237 ,6.00,+2.60%,"19,620,044"
2017.11.15,239 ,2.00,+0.84%,"7,455,245"
2017.11.16,254 ,15.00,+6.28%,"78,652,297"
2017.11.17,249 ,5.00,-1.97%,"37,724,653"
2017.11.18,251 ,2.00,+0.80%,"12,614,821"
2017.11.19,253 ,2.00,+0.80%,"16,382,877"
2017.11.20,262 ,9.00,+3.56%,"19,148,283"
2017.11.21,254 ,8.00,-3.05%,"17,958,001"
2017.11.22,262 ,8.00,+3.15%,"14,420,989"
2017.11.23,268 ,6.00,+2.29%,"26,384,894"
2017.11.24,267 ,1.00,-0.37%,"36,972,226"
2017.11.25,279 ,12.00,+4.49%,"34,362,089"
2017.11.26,274 ,5.00,-1.79%,"18,084,374"
2017.11.27,288 ,14.00,+5.11%,"18,961,263"
2017.11.28,339 ,51.00,+17.71%,"87,669,124"
2017.11.29,266 ,73.00,-21.53%,"61,744,997"
2017.11.30,282 ,16.00,+6.02%,"49,590,274"
2017.12.01,287 ,5.00,+1.77%,"33,465,260"
2017.12.02,290 ,3.00,+1.05%,"25,157,030"
2017.12.03,287 ,3.00,-1.03%,"45,140,752"
2017.12.04,289 ,2.00,+0.70%,"38,529,543"
2017.12.05,292 ,3.00,+1.04%,"25,099,750"
2017.12.06,290 ,2.00,-0.68%,"31,836,086"
2017.12.07,287 ,3.00,-1.03%,"25,620,375"
2017.12.08,298 ,11.00,+3.83%,"177,582,441"
2017.12.09,284 ,14.00,-4.70%,"41,356,987"
2017.12.10,269 ,15.00,-5.28%,"49,479,144"
2017.12.11,288 ,19.00,+7.06%,"29,488,851"
2017.12.12,435 ,147,+51.04%,"486,269,702"
2017.12.13,523 ,87.00,+19.95%,"1,234,508,465"
2017.12.14,940 ,417,+79.73%,"1,574,952,265"
2017.12.15,844 ,97.00,-10.31%,"710,829,072"
2017.12.16,849 ,5.00,+0.59%,"289,044,848"
2017.12.17,816 ,33.00,-3.89%,"167,637,319"
2017.12.18,879 ,63.00,+7.72%,"266,267,036"
2017.12.19,940 ,61.00,+6.94%,"267,569,664"
2017.12.20,995 ,55.00,+5.85%,"91,230,458"
2017.12.21,"1,605 ",610,+61.31%,"668,967,938"
2017.12.22,"1,460 ",145,-9.03%,"948,597,107"
2017.12.23,"1,470 ",10.00,+0.68%,"316,729,034"
2017.12.24,"1,405 ",65.00,-4.42%,"76,654,377"
2017.12.25,"1,425 ",20.00,+1.42%,"43,157,295"
2017.12.26,"1,505 ",80.00,+5.61%,"63,421,207"
2017.12.27,"1,720 ",215,+14.29%,"247,181,182"
2017.12.28,"1,705 ",15.00,-0.87%,"245,936,168"
2017.12.29,"2,570 ",865,+50.73%,"661,793,178"
2017.12.30,"2,725 ",155,+6.03%,"709,747,652"
2017.12.31,"2,745 ",20.00,+0.73%,"358,051,730"
2018.01.01,"2,885 ",140,+5.10%,"128,537,201"
2018.01.02,"3,000 ",115,+3.99%,"194,160,917"
2018.01.03,"3,735 ",735,+24.50%,"310,515,786"
2018.01.04,"4,215 ",480,+12.85%,"243,580,793"
2018.01.05,"4,060 ",155,-3.68%,"285,942,130"
2018.01.06,"4,130 ",70.00,+1.72%,"125,416,769"
2018.01.07,"4,380 ",250,+6.05%,"104,396,153"
2018.01.08,"4,005 ",375,-8.56%,"123,757,910"
2018.01.09,"3,410 ",595,-14.86%,"205,549,393"
2018.01.10,"2,805 ",605,-17.74%,"385,809,127"
2018.01.11,"2,815 ",10.00,+0.36%,"650,554,712"
2018.01.12,"3,055 ",240,+8.53%,"451,118,010"
2018.01.13,"2,960 ",95.00,-3.11%,"184,419,655"
2018.01.14,"2,575 ",385,-13.01%,"142,384,305"
2018.01.15,"2,335 ",240,-9.32%,"99,009,299"
2018.01.16,"1,465 ",870,-37.26%,"444,522,206"
2018.01.17,"1,760 ",295,+20.14%,"790,870,222"
2018.01.18,"2,075 ",315,+17.90%,"1,214,430,285"
2018.01.19,"2,065 ",10.00,-0.48%,"422,612,523"
2018.01.20,"2,070 ",5.00,+0.24%,"197,120,801"
2018.01.21,"1,725 ",345,-16.67%,"335,038,420"
2018.01.22,"1,715 ",10.00,-0.58%,"238,768,477"
2018.01.23,"1,615 ",100,-5.83%,"308,762,626"
2018.01.24,"1,600 ",15.00,-0.93%,"191,867,662"
2018.01.25,"1,515 ",85.00,-5.31%,"102,179,202"
2018.01.26,"1,395 ",120,-7.92%,"176,996,057"
2018.01.27,"1,365 ",30.00,-2.15%,"51,054,023"
2018.01.28,"1,540 ",175,+12.82%,"93,826,225"
2018.01.29,"1,450 ",90.00,-5.84%,"77,716,606"
2018.01.30,"1,270 ",180,-12.41%,"76,074,108"
2018.01.31,"1,260 ",10.00,-0.79%,"101,882,447"
2018.02.01,"1,040 ",220,-17.46%,"101,967,406"
2018.02.02,956 ,84.00,-8.08%,"478,265,553"
2018.02.03,982 ,26.00,+2.72%,"313,834,422"
2018.02.04,891 ,91.00,-9.27%,"139,107,715"
2018.02.05,773 ,118,-13.24%,"111,163,948"
2018.02.06,848 ,75.00,+9.70%,"243,053,101"
2018.02.07,789 ,59.00,-6.96%,"132,551,422"
2018.02.08,898 ,109,+13.81%,"154,921,812"
2018.02.09,"1,050 ",152,+16.93%,"366,358,277"
2018.02.10,"1,190 ",140,+13.33%,"856,656,523"
2018.02.11,"1,105 ",85.00,-7.14%,"537,543,914"
2018.02.12,"1,190 ",85.00,+7.69%,"332,550,652"
2018.02.13,"1,140 ",50.00,-4.20%,"132,337,670"
2018.02.14,"1,240 ",100,+8.77%,"162,289,438"
2018.02.15,"1,250 ",10.00,+0.81%,"132,731,328"
2018.02.16,"1,250 ",0,0.00%,"46,595,455"
2018.02.17,"1,310 ",60.00,+4.80%,"148,561,813"
2018.02.18,"1,225 ",85.00,-6.49%,"114,006,387"
2018.02.19,"1,260 ",35.00,+2.86%,"51,395,060"
2018.02.20,"1,235 ",25.00,-1.98%,"76,359,516"
2018.02.21,"1,160 ",75.00,-6.07%,"69,398,702"
2018.02.22,"1,055 ",105,-9.05%,"80,711,265"
2018.02.23,"1,120 ",65.00,+6.16%,"94,646,952"
2018.02.24,"1,070 ",50.00,-4.46%,"47,756,242"
2018.02.25,"1,055 ",15.00,-1.40%,"35,072,290"
2018.02.26,"1,060 ",5.00,+0.47%,"48,120,568"
2018.02.27,"1,045 ",15.00,-1.42%,"22,802,318"
2018.02.28,"1,015 ",30.00,-2.87%,"23,967,563"
2018.03.01,"1,020 ",5.00,+0.49%,"49,779,968"
2018.03.02,"1,005 ",15.00,-1.47%,"21,721,679"
2018.03.03,"1,000 ",5.00,-0.50%,"24,832,723"
2018.03.04,"1,095 ",95.00,+9.50%,"55,595,639"
2018.03.05,"1,045 ",50.00,-4.57%,"152,592,018"
2018.03.06,"1,010 ",35.00,-3.35%,"74,440,041"
2018.03.07,958 ,52.00,-5.15%,"81,721,929"
2018.03.08,906 ,52.00,-5.43%,"48,059,833"
2018.03.09,925 ,19.00,+2.10%,"113,357,055"
2018.03.10,869 ,56.00,-6.05%,"44,571,945"
2018.03.11,896 ,27.00,+3.11%,"52,847,326"
2018.03.12,875 ,21.00,-2.34%,"38,942,306"
2018.03.13,863 ,12.00,-1.37%,"21,262,825"
2018.03.14,764 ,99.00,-11.47%,"43,248,438"
2018.03.15,753 ,11.00,-1.44%,"145,885,121"
2018.03.16,745 ,8.00,-1.06%,"55,493,488"
2018.03.17,689 ,56.00,-7.52%,"29,629,294"
2018.03.18,711 ,22.00,+3.19%,"96,805,074"
2018.03.19,813 ,102,+14.35%,"173,157,176"
2018.03.20,772 ,41.00,-5.04%,"138,571,804"
2018.03.21,756 ,16.00,-2.07%,"82,937,640"
2018.03.22,733 ,23.00,-3.04%,"55,117,063"
2018.03.23,708 ,25.00,-3.41%,"65,203,495"
2018.03.24,703 ,5.00,-0.71%,"71,904,721"
2018.03.25,710 ,7.00,+1.00%,"24,574,414"
2018.03.26,655 ,55.00,-7.75%,"37,712,779"
2018.03.27,631 ,24.00,-3.66%,"36,386,737"
2018.03.28,629 ,2.00,-0.32%,"24,174,526"
2018.03.29,559 ,70.00,-11.13%,"50,804,869"
2018.03.30,554 ,5.00,-0.89%,"63,353,153"
2018.03.31,556 ,2.00,+0.36%,"37,034,384"
2018.04.01,526 ,30.00,-5.40%,"41,310,084"
2018.04.02,540 ,14.00,+2.66%,"47,963,419"
2018.04.03,600 ,60.00,+11.11%,"137,148,277"
2018.04.04,542 ,58.00,-9.67%,"63,537,249"
2018.04.05,534 ,8.00,-1.48%,"65,019,651"
2018.04.06,520 ,14.00,-2.62%,"24,434,453"
2018.04.07,529 ,9.00,+1.73%,"25,832,890"
2018.04.08,540 ,11.00,+2.08%,"17,154,421"
2018.04.09,533 ,7.00,-1.30%,"30,968,176"
2018.04.10,531 ,2.00,-0.38%,"13,995,915"
2018.04.11,574 ,43.00,+8.10%,"54,880,459"
2018.04.12,657 ,83.00,+14.46%,"276,522,681"
2018.04.13,681 ,24.00,+3.65%,"202,032,728"
2018.04.14,665 ,16.00,-2.35%,"83,929,446"
2018.04.15,714 ,49.00,+7.37%,"94,450,720"
2018.04.16,712 ,2.00,-0.28%,"74,737,170"
2018.04.17,702 ,10.00,-1.40%,"66,727,471"
2018.04.18,755 ,53.00,+7.55%,"91,206,291"
2018.04.19,848 ,93.00,+12.32%,"111,971,377"
2018.04.20,995 ,147,+17.33%,"417,477,998"
2018.04.21,942 ,53.00,-5.33%,"213,233,234"
2018.04.22,940 ,2.00,-0.21%,"130,405,205"
2018.04.23,954 ,14.00,+1.49%,"79,631,187"
2018.04.24,"1,000 ",46.00,+4.82%,"254,196,099"
2018.04.25,876 ,124,-12.40%,"220,134,855"
2018.04.26,925 ,49.00,+5.59%,"119,592,712"
2018.04.27,887 ,38.00,-4.11%,"71,384,630"
2018.04.28,927 ,40.00,+4.51%,"113,320,217"
2018.04.29,938 ,11.00,+1.19%,"169,917,337"
2018.04.30,910 ,28.00,-2.99%,"82,401,024"
2018.05.01,910 ,0,0.00%,"83,967,899"
2018.05.02,931 ,21.00,+2.31%,"58,529,831"
2018.05.03,966 ,35.00,+3.76%,"85,623,104"
2018.05.04,974 ,8.00,+0.83%,"128,795,524"
2018.05.05,989 ,15.00,+1.54%,"80,971,137"
2018.05.06,957 ,32.00,-3.24%,"65,568,980"
2018.05.07,921 ,36.00,-3.76%,"47,781,634"
2018.05.08,898 ,23.00,-2.50%,"35,188,655"
2018.05.09,888 ,10.00,-1.11%,"49,201,671"
2018.05.10,828 ,60.00,-6.76%,"32,752,312"
2018.05.11,745 ,83.00,-10.02%,"94,325,145"
2018.05.12,766 ,21.00,+2.82%,"49,292,951"
2018.05.13,823 ,57.00,+7.44%,"45,822,669"
2018.05.14,821 ,2.00,-0.24%,"46,035,162"
2018.05.15,775 ,46.00,-5.60%,"25,255,603"
2018.05.16,787 ,12.00,+1.55%,"28,893,934"
2018.05.17,744 ,43.00,-5.46%,"21,352,566"
2018.05.18,752 ,8.00,+1.08%,"15,572,805"
2018.05.19,746 ,6.00,-0.80%,"9,877,136"
2018.05.20,769 ,23.00,+3.08%,"13,973,581"
2018.05.21,753 ,16.00,-2.08%,"14,865,487"
2018.05.22,715 ,38.00,-5.05%,"11,417,594"
2018.05.23,667 ,48.00,-6.71%,"25,378,492"
2018.05.24,697 ,30.00,+4.50%,"26,332,016"
2018.05.25,674 ,23.00,-3.30%,"15,440,456"
2018.05.26,676 ,2.00,+0.30%,"8,501,293"
2018.05.27,671 ,5.00,-0.74%,"7,242,092"
2018.05.28,608 ,63.00,-9.39%,"16,900,782"
2018.05.29,668 ,60.00,+9.87%,"27,130,292"
2018.05.30,668 ,0,0.00%,"22,595,619"
2018.05.31,677 ,9.00,+1.35%,"19,115,588"
2018.06.01,683 ,6.00,+0.89%,"14,176,569"
2018.06.02,702 ,19.00,+2.78%,"14,327,310"
2018.06.03,752 ,50.00,+7.12%,"18,319,330"
2018.06.04,723 ,29.00,-3.86%,"37,154,490"
2018.06.05,738 ,15.00,+2.07%,"26,281,953"
2018.06.06,736 ,2.00,-0.27%,"13,508,177"
2018.06.07,737 ,1.00,+0.14%,"11,698,052"
2018.06.08,735 ,2.00,-0.27%,"8,142,332"
2018.06.09,722 ,13.00,-1.77%,"6,170,867"
2018.06.10,651 ,71.00,-9.83%,"28,859,515"
2018.06.11,665 ,14.00,+2.15%,"20,947,760"
2018.06.12,625 ,40.00,-6.02%,"20,655,810"
2018.06.13,592 ,33.00,-5.28%,"20,316,172"
2018.06.14,618 ,26.00,+4.39%,"29,923,915"
2018.06.15,597 ,21.00,-3.40%,"15,423,807"
2018.06.16,595 ,2.00,-0.34%,"12,742,402"
2018.06.17,589 ,6.00,-1.01%,"6,893,352"
2018.06.18,598 ,9.00,+1.53%,"13,130,391"
2018.06.19,614 ,16.00,+2.68%,"13,468,423"
2018.06.20,602 ,12.00,-1.95%,"21,631,567"
2018.06.21,600 ,2.00,-0.33%,"9,481,719"
2018.06.22,555 ,45.00,-7.50%,"21,280,044"
2018.06.23,557 ,2.00,+0.36%,"10,848,527"
2018.06.24,539 ,18.00,-3.23%,"24,434,488"
2018.06.25,540 ,1.00,+0.19%,"14,675,267"
2018.06.26,515 ,25.00,-4.63%,"8,111,421"
2018.06.27,530 ,15.00,+2.91%,"10,543,009"
2018.06.28,507 ,23.00,-4.34%,"8,705,155"
2018.06.29,509 ,2.00,+0.39%,"20,884,309"
2018.06.30,524 ,15.00,+2.95%,"25,862,581"
2018.07.01,515 ,9.00,-1.72%,"15,362,746"
2018.07.02,540 ,25.00,+4.85%,"24,582,935"
2018.07.03,542 ,2.00,+0.37%,"32,391,716"
2018.07.04,546 ,4.00,+0.74%,"25,739,603"
2018.07.05,538 ,8.00,-1.47%,"16,887,956"
2018.07.06,539 ,1.00,+0.19%,"13,481,528"
2018.07.07,542 ,3.00,+0.56%,"5,386,625"
2018.07.08,536 ,6.00,-1.11%,"8,417,617"
2018.07.09,530 ,6.00,-1.12%,"7,519,096"
2018.07.10,503 ,27.00,-5.09%,"14,225,582"
2018.07.11,508 ,5.00,+0.99%,"10,521,595"
2018.07.12,499 ,9.00,-1.77%,"10,641,042"
2018.07.13,498 ,1.00,-0.20%,"11,135,911"
2018.07.14,499 ,1.00,+0.20%,"6,403,426"
2018.07.15,504 ,5.00,+1.00%,"8,273,331"
2018.07.16,533 ,29.00,+5.75%,"20,532,341"
2018.07.17,558 ,25.00,+4.69%,"21,052,491"
2018.07.18,550 ,8.00,-1.43%,"32,233,217"
2018.07.19,539 ,11.00,-2.00%,"16,609,406"
2018.07.20,506 ,33.00,-6.12%,"23,612,251"
2018.07.21,514 ,8.00,+1.58%,"11,665,564"
2018.07.22,506 ,8.00,-1.56%,"9,897,103"
2018.07.23,505 ,1.00,-0.20%,"15,006,853"
2018.07.24,516 ,11.00,+2.18%,"29,251,713"
2018.07.25,514 ,2.00,-0.39%,"30,534,338"
2018.07.26,507 ,7.00,-1.36%,"14,897,034"
2018.07.27,507 ,0,0.00%,"16,646,010"
2018.07.28,512 ,5.00,+0.99%,"6,011,842"
2018.07.29,510 ,2.00,-0.39%,"4,920,877"
2018.07.30,506 ,4.00,-0.78%,"10,658,174"
2018.07.31,495 ,11.00,-2.17%,"14,024,916"
2018.08.01,512 ,17.00,+3.43%,"41,772,309"
2018.08.02,498 ,14.00,-2.73%,"15,517,242"
2018.08.03,505 ,7.00,+1.41%,"23,506,579"
2018.08.04,494 ,11.00,-2.18%,"11,645,088"
2018.08.05,498 ,4.00,+0.81%,"11,998,675"
2018.08.06,475 ,23.00,-4.62%,"17,805,922"
2018.08.07,437 ,38.00,-8.00%,"30,542,913"
2018.08.08,387 ,50.00,-11.44%,"45,812,645"
2018.08.09,398 ,11.00,+2.84%,"49,161,836"
2018.08.10,375 ,23.00,-5.78%,"25,614,474"
2018.08.11,351 ,24.00,-6.40%,"39,686,507"
2018.08.12,347 ,4.00,-1.14%,"16,343,628"
2018.08.13,325 ,22.00,-6.34%,"26,332,800"
2018.08.14,319 ,6.00,-1.85%,"44,478,223"
2018.08.15,328 ,9.00,+2.82%,"39,918,695"
2018.08.16,339 ,11.00,+3.35%,"25,331,772"
2018.08.17,419 ,80.00,+23.60%,"63,429,540"
2018.08.18,380 ,39.00,-9.31%,"74,479,663"
2018.08.19,393 ,13.00,+3.42%,"53,655,474"
2018.08.20,366 ,27.00,-6.87%,"46,731,915"
2018.08.21,376 ,10.00,+2.73%,"29,794,627"
2018.08.22,365 ,11.00,-2.93%,"44,918,204"
2018.08.23,372 ,7.00,+1.92%,"30,579,024"
2018.08.24,370 ,2.00,-0.54%,"31,420,618"
2018.08.25,369 ,1.00,-0.27%,"18,466,872"
2018.08.26,364 ,5.00,-1.36%,"16,999,158"
2018.08.27,378 ,14.00,+3.85%,"25,132,657"
2018.08.28,389 ,11.00,+2.91%,"35,342,181"
2018.08.29,383 ,6.00,-1.54%,"37,560,740"
2018.08.30,377 ,6.00,-1.57%,"29,025,955"
2018.08.31,375 ,2.00,-0.53%,"19,292,441"
2018.09.01,386 ,11.00,+2.93%,"26,496,266"
2018.09.02,380 ,6.00,-1.55%,"22,852,622"
2018.09.03,374 ,6.00,-1.58%,"15,011,754"
2018.09.04,372 ,2.00,-0.53%,"27,292,545"
2018.09.05,321 ,51.00,-13.71%,"54,322,577"
2018.09.06,348 ,27.00,+8.41%,"54,801,931"
2018.09.07,332 ,16.00,-4.60%,"28,432,367"
2018.09.08,322 ,10.00,-3.01%,"18,380,790"
2018.09.09,319 ,3.00,-0.93%,"19,928,640"
2018.09.10,311 ,8.00,-2.51%,"23,664,482"
2018.09.11,303 ,8.00,-2.57%,"22,338,639"
2018.09.12,307 ,4.00,+1.32%,"23,851,510"
2018.09.13,317 ,10.00,+3.26%,"31,598,266"
2018.09.14,314 ,3.00,-0.95%,"21,101,809"
2018.09.15,317 ,3.00,+0.96%,"12,575,867"
2018.09.16,318 ,1.00,+0.32%,"11,392,492"
2018.09.17,311 ,7.00,-2.20%,"17,631,117"
2018.09.18,365 ,54.00,+17.36%,"150,945,020"
2018.09.19,371 ,6.00,+1.64%,"81,101,860"
2018.09.20,506 ,135,+36.39%,"267,162,318"
2018.09.21,628 ,122,+24.11%,"880,294,889"
2018.09.22,641 ,13.00,+2.07%,"622,448,870"
2018.09.23,640 ,1.00,-0.16%,"203,899,685"
2018.09.24,555 ,85.00,-13.28%,"190,231,685"
2018.09.25,595 ,40.00,+7.21%,"345,118,162"
2018.09.26,579 ,16.00,-2.69%,"395,326,144"
2018.09.27,605 ,26.00,+4.49%,"160,139,902"
2018.09.28,603 ,2.00,-0.33%,"117,470,909"
2018.09.29,634 ,31.00,+5.14%,"220,253,268"
2018.09.30,651 ,17.00,+2.68%,"287,204,151"
2018.10.01,644 ,7.00,-1.08%,"283,074,688"
2018.10.02,585 ,59.00,-9.16%,"105,057,568"
2018.10.03,600 ,15.00,+2.56%,"136,955,175"
2018.10.04,600 ,0,0.00%,"78,853,857"
2018.10.05,590 ,10.00,-1.67%,"57,959,991"
2018.10.06,554 ,36.00,-6.10%,"80,354,835"
2018.10.07,547 ,7.00,-1.26%,"59,616,063"
2018.10.08,557 ,10.00,+1.83%,"62,619,409"
2018.10.09,546 ,11.00,-1.97%,"32,282,255"
2018.10.10,525 ,21.00,-3.85%,"53,396,573"
2018.10.11,441 ,84.00,-16.00%,"153,343,294"
2018.10.12,480 ,39.00,+8.84%,"189,877,447"
2018.10.13,480 ,0,0.00%,"37,890,861"
2018.10.14,464 ,16.00,-3.33%,"33,708,926"
2018.10.15,506 ,42.00,+9.05%,"244,301,648"
2018.10.16,526 ,20.00,+3.95%,"90,477,371"
2018.10.17,526 ,0,0.00%,"71,701,673"
2018.10.18,520 ,6.00,-1.14%,"50,236,675"
2018.10.19,515 ,5.00,-0.96%,"36,692,382"
2018.10.20,519 ,4.00,+0.78%,"25,437,834"
2018.10.21,516 ,3.00,-0.58%,"16,601,895"
2018.10.22,512 ,4.00,-0.78%,"24,020,019"
2018.10.23,521 ,9.00,+1.76%,"52,394,261"
2018.10.24,515 ,6.00,-1.15%,"29,569,915"
2018.10.25,516 ,1.00,+0.19%,"20,435,016"
2018.10.26,517 ,1.00,+0.19%,"17,395,019"
2018.10.27,515 ,2.00,-0.39%,"9,512,961"
2018.10.28,518 ,3.00,+0.58%,"8,496,678"
2018.10.29,497 ,21.00,-4.05%,"37,909,892"
2018.10.30,504 ,7.00,+1.41%,"17,356,544"
2018.10.31,510 ,6.00,+1.19%,"20,946,736"
2018.11.01,516 ,6.00,+1.18%,"11,821,618"
2018.11.02,517 ,1.00,+0.19%,"19,622,832"
2018.11.03,512 ,5.00,-0.97%,"12,856,636"
2018.11.04,523 ,11.00,+2.15%,"43,209,612"
2018.11.05,557 ,34.00,+6.50%,"97,985,455"
2018.11.06,615 ,58.00,+10.41%,"305,864,346"
2018.11.07,599 ,16.00,-2.60%,"88,577,654"
2018.11.08,559 ,40.00,-6.68%,"92,932,447"
2018.11.09,569 ,10.00,+1.79%,"64,119,492"
2018.11.10,573 ,4.00,+0.70%,"24,522,866"
2018.11.11,573 ,0,0.00%,"23,570,042"
2018.11.12,590 ,17.00,+2.97%,"57,859,951"
2018.11.13,581 ,9.00,-1.53%,"44,389,753"
2018.11.14,555 ,26.00,-4.48%,"154,998,121"
2018.11.15,555 ,0,0.00%,"199,033,115"
2018.11.16,545 ,10.00,-1.80%,"70,971,194"
2018.11.17,565 ,20.00,+3.67%,"57,695,451"
2018.11.18,585 ,20.00,+3.54%,"111,036,220"
2018.11.19,552 ,33.00,-5.64%,"247,634,739"
2018.11.20,503 ,49.00,-8.88%,"363,186,239"
2018.11.21,513 ,10.00,+1.99%,"165,570,458"
2018.11.22,485 ,28.00,-5.46%,"55,531,051"
2018.11.23,470 ,15.00,-3.09%,"135,874,431"
2018.11.24,434 ,36.00,-7.66%,"91,110,906"
2018.11.25,431 ,3.00,-0.69%,"334,004,063"
2018.11.26,411 ,20.00,-4.64%,"228,643,406"
2018.11.27,412 ,1.00,+0.24%,"100,116,300"
2018.11.28,440 ,28.00,+6.80%,"148,576,029"
2018.11.29,429 ,11.00,-2.50%,"98,843,919"
2018.11.30,411 ,18.00,-4.20%,"69,311,539"
2018.12.01,419 ,8.00,+1.95%,"49,600,588"
2018.12.02,417 ,2.00,-0.48%,"38,802,821"
2018.12.03,394 ,23.00,-5.52%,"49,483,780"
2018.12.04,398 ,4.00,+1.02%,"74,180,907"
2018.12.05,383 ,15.00,-3.77%,"42,750,133"
2018.12.06,350 ,33.00,-8.62%,"83,568,029"
2018.12.07,342 ,8.00,-2.29%,"104,919,854"
2018.12.08,345 ,3.00,+0.88%,"72,102,792"
2018.12.09,351 ,6.00,+1.74%,"65,386,849"
2018.12.10,339 ,12.00,-3.42%,"41,067,472"
2018.12.11,339 ,0,0.00%,"51,752,413"
2018.12.12,344 ,5.00,+1.47%,"36,947,460"
2018.12.13,337 ,7.00,-2.03%,"26,984,018"
2018.12.14,325 ,12.00,-3.56%,"31,210,387"
2018.12.15,320 ,5.00,-1.54%,"21,085,526"
2018.12.16,323 ,3.00,+0.94%,"30,997,904"
2018.12.17,365 ,42.00,+13.00%,"102,776,465"
2018.12.18,391 ,26.00,+7.12%,"166,530,523"
2018.12.19,388 ,3.00,-0.77%,"310,853,955"
2018.12.20,418 ,30.00,+7.73%,"294,844,583"
2018.12.21,400 ,18.00,-4.31%,"215,914,783"
2018.12.22,404 ,4.00,+1.00%,"71,077,813"
2018.12.23,414 ,10.00,+2.48%,"115,845,377"
2018.12.24,454 ,40.00,+9.66%,"640,291,953"
2018.12.25,426 ,28.00,-6.17%,"341,043,354"
2018.12.26,424 ,2.00,-0.47%,"176,637,949"
2018.12.27,386 ,38.00,-8.96%,"103,338,366"
2018.12.28,419 ,33.00,+8.55%,"232,635,470"
2018.12.29,403 ,16.00,-3.82%,"144,733,135"
2018.12.30,411 ,8.00,+1.99%,"82,160,400"
2018.12.31,396 ,15.00,-3.65%,"69,444,555"
2019.01.01,407 ,11.00,+2.78%,"60,959,741"
2019.01.02,416 ,9.00,+2.21%,"86,523,283"
2019.01.03,401 ,15.00,-3.61%,"56,615,272"
2019.01.04,401 ,0,0.00%,"47,206,633"
2019.01.05,397 ,4.00,-1.00%,"39,210,237"
2019.01.06,408 ,11.00,+2.77%,"54,990,214"
2019.01.07,407 ,1.00,-0.25%,"90,482,944"
2019.01.08,408 ,1.00,+0.25%,"61,642,843"
2019.01.09,410 ,2.00,+0.49%,"54,606,059"
2019.01.10,370 ,40.00,-9.76%,"228,668,386"
2019.01.11,372 ,2.00,+0.54%,"78,234,138"
2019.01.12,372 ,0,0.00%,"37,116,776"
2019.01.13,354 ,18.00,-4.84%,"58,599,889"
2019.01.14,373 ,19.00,+5.37%,"77,628,946"
2019.01.15,365 ,8.00,-2.14%,"50,909,489"
2019.01.16,368 ,3.00,+0.82%,"43,823,141"
2019.01.17,366 ,2.00,-0.54%,"38,870,927"
2019.01.18,361 ,5.00,-1.37%,"30,667,385"
2019.01.19,367 ,6.00,+1.66%,"45,791,846"
2019.01.20,356 ,11.00,-3.00%,"42,005,296"
2019.01.21,357 ,1.00,+0.28%,"29,108,626"
2019.01.22,358 ,1.00,+0.28%,"45,763,652"
2019.01.23,353 ,5.00,-1.40%,"23,740,077"
2019.01.24,352 ,1.00,-0.28%,"20,852,456"
2019.01.25,348 ,4.00,-1.14%,"27,446,538"
2019.01.26,348 ,0,0.00%,"20,613,165"
2019.01.27,341 ,7.00,-2.01%,"23,529,244"
2019.01.28,325 ,16.00,-4.69%,"67,288,598"
2019.01.29,319 ,6.00,-1.85%,"36,604,547"
2019.01.30,354 ,35.00,+10.97%,"179,706,635"
2019.01.31,340 ,14.00,-3.95%,"218,244,888"
2019.02.01,338 ,2.00,-0.59%,"86,653,944"
2019.02.02,342 ,4.00,+1.18%,"43,082,121"
2019.02.03,333 ,9.00,-2.63%,"36,504,384"
2019.02.04,331 ,2.00,-0.60%,"38,643,796"
2019.02.05,332 ,1.00,+0.30%,"39,343,994"
2019.02.06,322 ,10.00,-3.01%,"46,547,379"
2019.02.07,324 ,2.00,+0.62%,"33,811,358"
2019.02.08,342 ,18.00,+5.56%,"101,338,017"
2019.02.09,341 ,1.00,-0.29%,"48,963,609"
2019.02.10,338 ,3.00,-0.88%,"52,411,068"
2019.02.11,332 ,6.00,-1.78%,"33,044,375"
2019.02.12,335 ,3.00,+0.90%,"37,970,446"
2019.02.13,335 ,0,0.00%,"45,571,134"
2019.02.14,335 ,0,0.00%,"23,877,560"
2019.02.15,334 ,1.00,-0.30%,"46,295,027"
2019.02.16,332 ,2.00,-0.60%,"38,277,321"
2019.02.17,333 ,1.00,+0.30%,"63,419,118"
2019.02.18,349 ,16.00,+4.80%,"137,662,371"
2019.02.19,351 ,2.00,+0.57%,"260,310,875"
2019.02.20,360 ,9.00,+2.56%,"90,070,112"
2019.02.21,352 ,8.00,-2.22%,"62,606,872"
2019.02.22,352 ,0,0.00%,"32,406,439"
2019.02.23,361 ,9.00,+2.56%,"50,031,814"
2019.02.24,332 ,29.00,-8.03%,"180,128,638"
2019.02.25,363 ,31.00,+9.34%,"162,602,123"
2019.02.26,352 ,11.00,-3.03%,"123,365,452"
2019.02.27,347 ,5.00,-1.42%,"63,441,613"
2019.02.28,350 ,3.00,+0.86%,"52,507,959"
2019.03.01,351 ,1.00,+0.29%,"49,700,139"
2019.03.02,349 ,2.00,-0.57%,"24,693,194"
2019.03.03,346 ,3.00,-0.86%,"18,010,858"
2019.03.04,338 ,8.00,-2.31%,"39,100,797"
2019.03.05,347 ,9.00,+2.66%,"39,837,032"
2019.03.06,349 ,2.00,+0.58%,"44,413,542"
2019.03.07,347 ,2.00,-0.57%,"29,996,244"
2019.03.08,342 ,5.00,-1.44%,"38,483,138"
2019.03.09,346 ,4.00,+1.17%,"68,053,024"
2019.03.10,346 ,0,0.00%,"57,165,065"
2019.03.11,347 ,1.00,+0.29%,"63,212,213"
2019.03.12,345 ,2.00,-0.58%,"45,913,686"
2019.03.13,350 ,5.00,+1.45%,"143,144,875"
2019.03.14,348 ,2.00,-0.57%,"70,023,414"
2019.03.15,350 ,2.00,+0.57%,"40,044,500"
2019.03.16,353 ,3.00,+0.86%,"65,825,821"
2019.03.17,350 ,3.00,-0.85%,"24,307,044"
2019.03.18,351 ,1.00,+0.29%,"51,612,222"
2019.03.19,352 ,1.00,+0.28%,"45,237,335"
2019.03.20,356 ,4.00,+1.14%,"92,432,936"
2019.03.21,350 ,6.00,-1.69%,"94,566,398"
2019.03.22,350 ,0,0.00%,"55,949,706"
2019.03.23,351 ,1.00,+0.29%,"42,162,908"
2019.03.24,350 ,1.00,-0.28%,"30,180,866"
2019.03.25,345 ,5.00,-1.43%,"49,333,510"
2019.03.26,345 ,0,0.00%,"47,199,040"
2019.03.27,348 ,3.00,+0.87%,"48,841,411"
2019.03.28,346 ,2.00,-0.57%,"35,567,307"
2019.03.29,347 ,1.00,+0.29%,"77,154,448"
2019.03.30,352 ,5.00,+1.44%,"128,689,410"
2019.03.31,350 ,2.00,-0.57%,"39,869,345"
2019.04.01,355 ,5.00,+1.43%,"61,940,120"
2019.04.02,390 ,35.00,+9.86%,"308,080,040"
2019.04.03,388 ,2.00,-0.51%,"352,343,311"
2019.04.04,375 ,13.00,-3.35%,"154,576,532"
2019.04.05,412 ,37.00,+9.87%,"393,414,895"
2019.04.06,405 ,7.00,-1.70%,"122,123,985"
2019.04.07,413 ,8.00,+1.98%,"111,506,052"
2019.04.08,414 ,1.00,+0.24%,"128,272,859"
2019.04.09,405 ,9.00,-2.17%,"59,862,728"
2019.04.10,411 ,6.00,+1.48%,"77,430,009"
2019.04.11,382 ,29.00,-7.06%,"175,732,186"
2019.04.12,377 ,5.00,-1.31%,"113,454,469"
2019.04.13,378 ,1.00,+0.27%,"82,536,753"
2019.04.14,381 ,3.00,+0.79%,"53,984,269"
2019.04.15,371 ,10.00,-2.62%,"80,435,170"
2019.04.16,376 ,5.00,+1.35%,"62,104,787"
2019.04.17,386 ,10.00,+2.66%,"134,409,086"
2019.04.18,387 ,1.00,+0.26%,"104,206,090"
2019.04.19,381 ,6.00,-1.55%,"51,941,832"
2019.04.20,379 ,2.00,-0.52%,"33,482,674"
2019.04.21,373 ,6.00,-1.58%,"54,334,414"
2019.04.22,376 ,3.00,+0.80%,"79,158,821"
2019.04.23,374 ,2.00,-0.53%,"63,682,574"
2019.04.24,355 ,19.00,-5.08%,"151,359,480"
2019.04.25,341 ,14.00,-3.94%,"117,170,574"
2019.04.26,351 ,10.00,+2.93%,"91,026,119"
2019.04.27,345 ,6.00,-1.71%,"38,196,839"
2019.04.28,346 ,1.00,+0.29%,"30,126,333"
2019.04.29,338 ,8.00,-2.31%,"60,410,304"
2019.04.30,355 ,17.00,+5.03%,"106,119,793"
2019.05.01,349 ,6.00,-1.69%,"45,593,901"
2019.05.02,349 ,0,0.00%,"31,940,899"
2019.05.03,353 ,4.00,+1.15%,"82,524,371"
2019.05.04,350 ,3.00,-0.85%,"75,059,796"
2019.05.05,348 ,2.00,-0.57%,"25,647,725"
2019.05.06,349 ,1.00,+0.29%,"43,133,375"
2019.05.07,344 ,5.00,-1.43%,"57,432,025"
2019.05.08,347 ,3.00,+0.87%,"34,591,443"
2019.05.09,346 ,1.00,-0.29%,"42,322,205"
2019.05.10,351 ,5.00,+1.45%,"59,971,473"
2019.05.11,375 ,24.00,+6.84%,"298,291,991"
2019.05.12,363 ,12.00,-3.20%,"237,871,868"
2019.05.13,382 ,19.00,+5.23%,"283,696,993"
2019.05.14,484 ,102,+26.70%,"1,446,376,672"
2019.05.15,538 ,54.00,+11.16%,"966,524,894"
2019.05.16,504 ,34.00,-6.32%,"878,401,969"
2019.05.17,468 ,36.00,-7.14%,"718,094,685"
2019.05.18,451 ,17.00,-3.63%,"267,143,432"
2019.05.19,497 ,46.00,+10.20%,"455,665,030"
2019.05.20,479 ,18.00,-3.62%,"289,531,335"
2019.05.21,475 ,4.00,-0.84%,"212,070,072"
2019.05.22,453 ,22.00,-4.63%,"237,141,366"
2019.05.23,457 ,4.00,+0.88%,"188,034,864"
2019.05.24,460 ,3.00,+0.66%,"162,479,167"
2019.05.25,460 ,0,0.00%,"76,855,478"
2019.05.26,484 ,24.00,+5.22%,"161,454,446"
2019.05.27,513 ,29.00,+5.99%,"479,938,702"
2019.05.28,531 ,18.00,+3.51%,"411,205,150"
2019.05.29,528 ,3.00,-0.56%,"296,235,869"
2019.05.30,510 ,18.00,-3.41%,"485,365,530"
2019.05.31,531 ,21.00,+4.12%,"233,464,145"
2019.06.01,519 ,12.00,-2.26%,"114,973,324"
2019.06.02,534 ,15.00,+2.89%,"109,179,640"
2019.06.03,513 ,21.00,-3.93%,"374,962,538"
2019.06.04,491 ,22.00,-4.29%,"328,083,603"
2019.06.05,493 ,2.00,+0.41%,"192,901,954"
2019.06.06,510 ,17.00,+3.45%,"237,478,487"
2019.06.07,511 ,1.00,+0.20%,"153,614,500"
2019.06.08,502 ,9.00,-1.76%,"73,845,249"
2019.06.09,478 ,24.00,-4.78%,"133,634,697"
2019.06.10,488 ,10.00,+2.09%,"125,994,544"
2019.06.11,477 ,11.00,-2.25%,"78,018,680"
2019.06.12,484 ,7.00,+1.47%,"81,373,023"
2019.06.13,483 ,1.00,-0.21%,"82,307,564"
2019.06.14,487 ,4.00,+0.83%,"68,724,629"
2019.06.15,488 ,1.00,+0.21%,"75,184,518"
2019.06.16,511 ,23.00,+4.71%,"192,526,193"
2019.06.17,531 ,20.00,+3.91%,"179,926,679"
2019.06.18,512 ,19.00,-3.58%,"157,905,605"
2019.06.19,519 ,7.00,+1.37%,"66,372,177"
2019.06.20,512 ,7.00,-1.35%,"95,753,197"
2019.06.21,524 ,12.00,+2.34%,"126,110,360"
2019.06.22,551 ,27.00,+5.15%,"439,438,548"
2019.06.23,547 ,4.00,-0.73%,"154,593,142"
2019.06.24,552 ,5.00,+0.91%,"121,655,307"
2019.06.25,553 ,1.00,+0.18%,"144,949,481"
2019.06.26,566 ,13.00,+2.35%,"475,019,891"
2019.06.27,508 ,58.00,-10.25%,"380,697,306"
2019.06.28,525 ,17.00,+3.35%,"181,375,810"
2019.06.29,522 ,3.00,-0.57%,"123,782,261"
2019.06.30,495 ,27.00,-5.17%,"101,449,725"
2019.07.01,499 ,4.00,+0.81%,"179,641,373"
2019.07.02,486 ,13.00,-2.61%,"166,747,082"
2019.07.03,490 ,4.00,+0.82%,"106,445,721"
2019.07.04,469 ,21.00,-4.29%,"79,052,472"
2019.07.05,460 ,9.00,-1.92%,"74,881,711"
2019.07.06,471 ,11.00,+2.39%,"117,700,230"
2019.07.07,474 ,3.00,+0.64%,"65,348,310"
2019.07.08,478 ,4.00,+0.84%,"88,093,452"
2019.07.09,469 ,9.00,-1.88%,"80,015,536"
2019.07.10,435 ,34.00,-7.25%,"164,517,744"
2019.07.11,399 ,36.00,-8.28%,"188,643,935"
2019.07.12,415 ,16.00,+4.01%,"191,498,330"
2019.07.13,405 ,10.00,-2.41%,"71,721,966"
2019.07.14,371 ,34.00,-8.40%,"125,814,137"
2019.07.15,381 ,10.00,+2.70%,"198,157,613"
2019.07.16,358 ,23.00,-6.04%,"137,623,023"
2019.07.17,374 ,16.00,+4.47%,"169,717,343"
2019.07.18,381 ,7.00,+1.87%,"184,931,430"
2019.07.19,381 ,0,0.00%,"79,696,501"
2019.07.20,397 ,16.00,+4.20%,"103,919,194"
2019.07.21,392 ,5.00,-1.26%,"58,136,766"
2019.07.22,383 ,9.00,-2.30%,"59,491,744"
2019.07.23,370 ,13.00,-3.39%,"61,807,067"
2019.07.24,376 ,6.00,+1.62%,"75,001,955"
2019.07.25,373 ,3.00,-0.80%,"52,941,543"
2019.07.26,384 ,11.00,+2.95%,"52,202,642"
2019.07.27,370 ,14.00,-3.65%,"55,175,316"
2019.07.28,370 ,0,0.00%,"28,996,140"
2019.07.29,368 ,2.00,-0.54%,"31,334,834"
2019.07.30,377 ,9.00,+2.45%,"53,542,082"
2019.07.31,380 ,3.00,+0.80%,"45,979,558"
2019.08.01,374 ,6.00,-1.58%,"30,332,112"
2019.08.02,371 ,3.00,-0.80%,"35,001,621"
2019.08.03,374 ,3.00,+0.81%,"32,052,215"
2019.08.04,377 ,3.00,+0.80%,"46,354,959"
2019.08.05,386 ,9.00,+2.39%,"108,520,175"
2019.08.06,374 ,12.00,-3.11%,"70,169,795"
2019.08.07,370 ,4.00,-1.07%,"48,868,009"
2019.08.08,367 ,3.00,-0.81%,"38,934,309"
2019.08.09,356 ,11.00,-3.00%,"47,950,474"
2019.08.10,362 ,6.00,+1.69%,"45,883,898"
2019.08.11,364 ,2.00,+0.55%,"29,685,634"
2019.08.12,361 ,3.00,-0.82%,"19,965,273"
2019.08.13,359 ,2.00,-0.55%,"28,008,264"
2019.08.14,319 ,40.00,-11.14%,"132,373,676"
2019.08.15,323 ,4.00,+1.25%,"110,725,167"
2019.08.16,318 ,5.00,-1.55%,"57,813,582"
2019.08.17,323 ,5.00,+1.57%,"40,406,943"
2019.08.18,343 ,20.00,+6.19%,"98,279,995"
2019.08.19,340 ,3.00,-0.87%,"64,828,496"
2019.08.20,331 ,9.00,-2.65%,"42,983,439"
2019.08.21,322 ,9.00,-2.72%,"59,111,010"
2019.08.22,327 ,5.00,+1.55%,"74,437,171"
2019.08.23,332 ,5.00,+1.53%,"47,879,759"
2019.08.24,328 ,4.00,-1.20%,"38,308,764"
2019.08.25,325 ,3.00,-0.91%,"38,731,530"
2019.08.26,324 ,1.00,-0.31%,"46,134,132"
2019.08.27,324 ,0,0.00%,"24,164,757"
2019.08.28,311 ,13.00,-4.01%,"52,308,648"
2019.08.29,311 ,0,0.00%,"48,054,647"
2019.08.30,310 ,1.00,-0.32%,"26,334,797"
2019.08.31,312 ,2.00,+0.65%,"20,551,989"
2019.09.01,310 ,2.00,-0.64%,"18,979,605"
2019.09.02,314 ,4.00,+1.29%,"36,933,730"
2019.09.03,315 ,1.00,+0.32%,"51,136,216"
2019.09.04,310 ,5.00,-1.59%,"26,265,616"
2019.09.05,307 ,3.00,-0.97%,"26,775,117"
2019.09.06,301 ,6.00,-1.95%,"38,026,696"
2019.09.07,310 ,9.00,+2.99%,"40,058,905"
2019.09.08,311 ,1.00,+0.32%,"45,123,688"
2019.09.09,309 ,2.00,-0.64%,"40,573,735"
2019.09.10,309 ,0,0.00%,"28,944,135"
2019.09.11,306 ,3.00,-0.97%,"28,109,409"
2019.09.12,303 ,3.00,-0.98%,"24,910,192"
2019.09.13,304 ,1.00,+0.33%,"14,569,990"
2019.09.14,310 ,6.00,+1.97%,"48,459,379"
2019.09.15,307 ,3.00,-0.97%,"21,350,485"
2019.09.16,308 ,1.00,+0.33%,"33,785,789"
2019.09.17,338 ,30.00,+9.74%,"191,527,418"
2019.09.18,371 ,33.00,+9.76%,"262,523,313"
2019.09.19,357 ,14.00,-3.77%,"241,681,195"
2019.09.20,348 ,9.00,-2.52%,"82,886,945"
2019.09.21,344 ,4.00,-1.15%,"56,922,311"
2019.09.22,328 ,16.00,-4.65%,"94,436,596"
2019.09.23,319 ,9.00,-2.74%,"127,910,318"
2019.09.24,281 ,38.00,-11.91%,"229,641,985"
2019.09.25,294 ,13.00,+4.63%,"175,879,968"
2019.09.26,292 ,2.00,-0.68%,"133,906,322"
2019.09.27,292 ,0,0.00%,"93,214,487"
2019.09.28,292 ,0,0.00%,"49,129,026"
2019.09.29,289 ,3.00,-1.03%,"40,433,170"
2019.09.30,308 ,19.00,+6.57%,"164,030,782"
2019.10.01,299 ,9.00,-2.92%,"99,623,354"
2019.10.02,304 ,5.00,+1.67%,"79,401,087"
2019.10.03,298 ,6.00,-1.97%,"50,008,416"
2019.10.04,303 ,5.00,+1.68%,"68,785,227"
2019.10.05,303 ,0,0.00%,"48,293,667"
2019.10.06,306 ,3.00,+0.99%,"55,484,344"
2019.10.07,328 ,22.00,+7.19%,"180,584,143"
2019.10.08,330 ,2.00,+0.61%,"126,050,552"
2019.10.09,334 ,4.00,+1.21%,"107,349,735"
2019.10.10,322 ,12.00,-3.59%,"70,821,857"
2019.10.11,318 ,4.00,-1.24%,"81,885,159"
2019.10.12,323 ,5.00,+1.57%,"39,768,033"
2019.10.13,329 ,6.00,+1.86%,"53,073,015"
2019.10.14,351 ,22.00,+6.69%,"132,698,687"
2019.10.15,343 ,8.00,-2.28%,"125,813,500"
2019.10.16,338 ,5.00,-1.46%,"94,805,946"
2019.10.17,357 ,19.00,+5.62%,"136,677,054"
2019.10.18,349 ,8.00,-2.24%,"110,362,971"
2019.10.19,346 ,3.00,-0.86%,"79,826,163"
2019.10.20,348 ,2.00,+0.58%,"68,802,602"
2019.10.21,344 ,4.00,-1.15%,"51,174,843"
2019.10.22,343 ,1.00,-0.29%,"71,714,430"
2019.10.23,323 ,20.00,-5.83%,"187,586,870"
2019.10.24,325 ,2.00,+0.62%,"113,076,903"
2019.10.25,346 ,21.00,+6.46%,"194,399,108"
2019.10.26,341 ,5.00,-1.45%,"216,373,580"
2019.10.27,343 ,2.00,+0.59%,"158,505,894"
2019.10.28,343 ,0,0.00%,"102,695,717"
2019.10.29,349 ,6.00,+1.75%,"134,929,340"
2019.10.30,344 ,5.00,-1.43%,"111,927,093"
2019.10.31,345 ,1.00,+0.29%,"66,677,899"
2019.11.01,342 ,3.00,-0.87%,"50,484,744"
2019.11.02,343 ,1.00,+0.29%,"42,174,728"
2019.11.03,341 ,2.00,-0.58%,"33,912,161"
2019.11.04,345 ,4.00,+1.17%,"46,199,116"
2019.11.05,348 ,3.00,+0.87%,"86,940,622"
2019.11.06,357 ,9.00,+2.59%,"90,351,434"
2019.11.07,338 ,19.00,-5.32%,"203,081,599"
2019.11.08,321 ,17.00,-5.03%,"132,452,190"
2019.11.09,326 ,5.00,+1.56%,"38,726,409"
2019.11.10,325 ,1.00,-0.31%,"48,519,159"
2019.11.11,319 ,6.00,-1.85%,"54,141,071"
2019.11.12,317 ,2.00,-0.63%,"43,708,441"
2019.11.13,317 ,0,0.00%,"37,873,940"
2019.11.14,312 ,5.00,-1.58%,"42,227,244"
2019.11.15,305 ,7.00,-2.24%,"50,964,782"
2019.11.16,306 ,1.00,+0.33%,"21,541,854"
2019.11.17,306 ,0,0.00%,"23,103,497"
2019.11.18,294 ,12.00,-3.92%,"57,778,457"
2019.11.19,297 ,3.00,+1.02%,"77,440,405"
2019.11.20,293 ,4.00,-1.35%,"42,468,509"
2019.11.21,287 ,6.00,-2.05%,"70,668,722"
2019.11.22,276 ,11.00,-3.83%,"120,336,727"
2019.11.23,278 ,2.00,+0.72%,"56,579,220"
2019.11.24,262 ,16.00,-5.76%,"57,558,083"
2019.11.25,256 ,6.00,-2.29%,"201,980,866"
2019.11.26,259 ,3.00,+1.17%,"77,102,795"
2019.11.27,262 ,3.00,+1.16%,"140,118,152"
2019.11.28,262 ,0,0.00%,"89,547,990"
2019.11.29,268 ,6.00,+2.29%,"59,707,628"
2019.11.30,265 ,3.00,-1.12%,"30,745,340"
2019.12.01,262 ,3.00,-1.13%,"39,903,704"
2019.12.02,259 ,3.00,-1.15%,"28,957,025"
2019.12.03,260 ,1.00,+0.39%,"20,366,003"
2019.12.04,253 ,7.00,-2.69%,"47,957,986"
2019.12.05,260 ,7.00,+2.77%,"42,429,451"
2019.12.06,263 ,3.00,+1.15%,"37,454,116"
2019.12.07,266 ,3.00,+1.14%,"20,073,359"
2019.12.08,267 ,1.00,+0.38%,"29,218,580"
2019.12.09,264 ,3.00,-1.12%,"26,234,676"
2019.12.10,260 ,4.00,-1.52%,"20,454,609"
2019.12.11,259 ,1.00,-0.38%,"12,920,520"
2019.12.12,256 ,3.00,-1.16%,"19,015,861"
2019.12.13,258 ,2.00,+0.78%,"28,953,127"
2019.12.14,252 ,6.00,-2.33%,"23,121,532"
2019.12.15,253 ,1.00,+0.40%,"23,908,655"
2019.12.16,242 ,11.00,-4.35%,"40,437,691"
2019.12.17,218 ,24.00,-9.92%,"114,930,159"
2019.12.18,228 ,10.00,+4.59%,"131,160,385"
2019.12.19,222 ,6.00,-2.63%,"49,829,711"
2019.12.20,228 ,6.00,+2.70%,"76,210,259"
2019.12.21,225 ,3.00,-1.32%,"19,878,591"
2019.12.22,230 ,5.00,+2.22%,"30,950,665"
2019.12.23,223 ,7.00,-3.04%,"33,273,664"
2019.12.24,224 ,1.00,+0.45%,"18,309,831"
2019.12.25,221 ,3.00,-1.34%,"11,826,788"
2019.12.26,222 ,1.00,+0.45%,"24,493,687"
2019.12.27,220 ,2.00,-0.90%,"22,340,893"
2019.12.28,224 ,4.00,+1.82%,"27,527,503"
2019.12.29,226 ,2.00,+0.89%,"26,469,900"
2019.12.30,223 ,3.00,-1.33%,"26,913,532"
2019.12.31,223 ,0,0.00%,"20,688,468"
2020.01.01,223 ,0,0.00%,"16,452,746"
2020.01.02,216 ,7.00,-3.14%,"26,363,603"
2020.01.03,223 ,7.00,+3.24%,"51,550,601"
2020.01.04,222 ,1.00,-0.45%,"16,639,242"
2020.01.05,223 ,1.00,+0.45%,"25,483,790"
2020.01.06,251 ,28.00,+12.56%,"170,608,930"
2020.01.07,245 ,6.00,-2.39%,"137,202,408"
2020.01.08,234 ,11.00,-4.49%,"118,773,278"
2020.01.09,233 ,1.00,-0.43%,"48,707,464"
2020.01.10,240 ,7.00,+3.00%,"70,627,863"
2020.01.11,238 ,2.00,-0.83%,"66,951,005"
2020.01.12,242 ,4.00,+1.68%,"52,651,917"
2020.01.13,239 ,3.00,-1.24%,"28,705,722"
2020.01.14,258 ,19.00,+7.95%,"245,805,489"
2020.01.15,257 ,1.00,-0.39%,"266,793,521"
2020.01.16,256 ,1.00,-0.39%,"94,639,709"
2020.01.17,268 ,12.00,+4.69%,"142,009,024"
2020.01.18,276 ,8.00,+2.99%,"165,866,035"
2020.01.19,268 ,8.00,-2.90%,"168,174,150"
2020.01.20,266 ,2.00,-0.75%,"74,649,637"
2020.01.21,271 ,5.00,+1.88%,"90,932,765"
2020.01.22,271 ,0,0.00%,"51,960,531"
2020.01.23,262 ,9.00,-3.32%,"72,822,064"
2020.01.24,258 ,4.00,-1.53%,"79,419,873"
2020.01.25,256 ,2.00,-0.78%,"36,638,665"
2020.01.26,267 ,11.00,+4.30%,"45,545,040"
2020.01.27,264 ,3.00,-1.12%,"80,984,986"
2020.01.28,271 ,7.00,+2.65%,"104,953,140"
2020.01.29,271 ,0,0.00%,"82,606,718"
2020.01.30,276 ,5.00,+1.85%,"89,359,691"
2020.01.31,275 ,1.00,-0.36%,"70,805,515"
2020.02.01,278 ,3.00,+1.09%,"47,259,897"
2020.02.02,289 ,11.00,+3.96%,"214,247,734"
2020.02.03,294 ,5.00,+1.73%,"99,437,681"
2020.02.04,309 ,15.00,+5.10%,"256,092,751"
2020.02.05,320 ,11.00,+3.56%,"259,442,193"
2020.02.06,327 ,7.00,+2.19%,"162,367,830"
2020.02.07,328 ,1.00,+0.31%,"105,882,126"
2020.02.08,324 ,4.00,-1.22%,"140,089,769"
2020.02.09,330 ,6.00,+1.85%,"126,117,971"
2020.02.10,321 ,9.00,-2.73%,"105,716,417"
2020.02.11,325 ,4.00,+1.25%,"115,111,050"
2020.02.12,347 ,22.00,+6.77%,"265,056,430"
2020.02.13,378 ,31.00,+8.93%,"424,695,927"
2020.02.14,384 ,6.00,+1.59%,"158,219,617"
2020.02.15,357 ,27.00,-7.03%,"250,350,330"
2020.02.16,344 ,13.00,-3.64%,"321,132,680"
2020.02.17,338 ,6.00,-1.74%,"277,331,133"
2020.02.18,347 ,9.00,+2.66%,"199,099,552"
2020.02.19,327 ,20.00,-5.76%,"129,193,052"
2020.02.20,326 ,1.00,-0.31%,"141,088,836"
2020.02.21,326 ,0,0.00%,"86,061,930"
2020.02.22,327 ,1.00,+0.31%,"51,660,843"
2020.02.23,335 ,8.00,+2.45%,"76,731,130"
2020.02.24,326 ,9.00,-2.69%,"81,471,200"
2020.02.25,307 ,19.00,-5.83%,"127,561,298"
2020.02.26,281 ,26.00,-8.47%,"257,333,748"
2020.02.27,288 ,7.00,+2.49%,"191,686,260"
2020.02.28,287 ,1.00,-0.35%,"130,184,015"
2020.02.29,278 ,9.00,-3.14%,"58,009,787"
2020.03.01,276 ,2.00,-0.72%,"85,460,684"
2020.03.02,287 ,11.00,+3.99%,"65,584,027"
2020.03.03,280 ,7.00,-2.44%,"63,568,975"
2020.03.04,281 ,1.00,+0.36%,"59,942,260"
2020.03.05,286 ,5.00,+1.78%,"51,643,641"
2020.03.06,291 ,5.00,+1.75%,"59,621,380"
2020.03.07,283 ,8.00,-2.75%,"51,679,494"
2020.03.08,251 ,32.00,-11.31%,"139,370,746"
2020.03.09,257 ,6.00,+2.39%,"165,983,689"
2020.03.10,257 ,0,0.00%,"90,394,423"
2020.03.11,250 ,7.00,-2.72%,"84,619,982"
2020.03.12,179 ,71.00,-28.40%,"533,182,680"
2020.03.13,206 ,27.00,+15.08%,"811,513,755"
2020.03.14,192 ,14.00,-6.80%,"204,584,969"
2020.03.15,197 ,5.00,+2.60%,"163,945,038"
2020.03.16,180 ,17.00,-8.63%,"281,305,437"
2020.03.17,187 ,7.00,+3.89%,"201,367,020"
2020.03.18,184 ,3.00,-1.60%,"149,837,749"
2020.03.19,204 ,20.00,+10.87%,"264,977,507"
2020.03.20,196 ,8.00,-3.92%,"325,233,846"
2020.03.21,198 ,2.00,+1.02%,"106,220,674"
2020.03.22,187 ,11.00,-5.56%,"98,239,576"
2020.03.23,197 ,10.00,+5.35%,"141,585,044"
2020.03.24,201 ,4.00,+2.03%,"134,481,961"
2020.03.25,200 ,1.00,-0.50%,"94,861,641"
2020.03.26,216 ,16.00,+8.00%,"107,453,646"
2020.03.27,213 ,3.00,-1.39%,"176,014,374"
2020.03.28,216 ,3.00,+1.41%,"157,306,934"
2020.03.29,199 ,17.00,-7.87%,"83,113,780"
2020.03.30,209 ,10.00,+5.03%,"93,354,463"
2020.03.31,211 ,2.00,+0.96%,"68,001,855"
2020.04.01,212 ,1.00,+0.47%,"58,693,621"
2020.04.02,214 ,2.00,+0.94%,"73,815,436"
2020.04.03,217 ,3.00,+1.40%,"47,908,697"
2020.04.04,219 ,2.00,+0.92%,"34,330,628"
2020.04.05,217 ,2.00,-0.91%,"33,804,590"
2020.04.06,238 ,21.00,+9.68%,"75,720,804"
2020.04.07,232 ,6.00,-2.52%,"146,417,965"
2020.04.08,241 ,9.00,+3.88%,"89,452,707"
2020.04.09,239 ,2.00,-0.83%,"54,023,744"
2020.04.10,229 ,10.00,-4.18%,"98,414,303"
2020.04.11,232 ,3.00,+1.31%,"45,451,050"
2020.04.12,233 ,1.00,+0.43%,"56,268,606"
2020.04.13,229 ,4.00,-1.72%,"79,144,785"
2020.04.14,228 ,1.00,-0.44%,"45,707,191"
2020.04.15,221 ,7.00,-3.07%,"43,690,269"
2020.04.16,230 ,9.00,+4.07%,"117,112,363"
2020.04.17,228 ,2.00,-0.87%,"47,561,324"
2020.04.18,235 ,7.00,+3.07%,"46,835,682"
2020.04.19,231 ,4.00,-1.70%,"42,568,821"
2020.04.20,224 ,7.00,-3.03%,"66,436,297"
2020.04.21,225 ,1.00,+0.45%,"43,166,218"
2020.04.22,228 ,3.00,+1.33%,"36,313,119"
2020.04.23,233 ,5.00,+2.19%,"104,409,165"
2020.04.24,235 ,2.00,+0.86%,"80,511,565"
2020.04.25,236 ,1.00,+0.43%,"48,453,791"
2020.04.26,240 ,4.00,+1.69%,"46,463,120"
2020.04.27,241 ,1.00,+0.42%,"59,184,417"
2020.04.28,261 ,20.00,+8.30%,"122,620,859"
2020.04.29,272 ,11.00,+4.21%,"134,110,686"
2020.04.30,257 ,15.00,-5.51%,"258,473,985"
2020.05.01,265 ,8.00,+3.11%,"89,293,671"
2020.05.02,271 ,6.00,+2.26%,"72,418,168"
2020.05.03,269 ,2.00,-0.74%,"71,615,347"
2020.05.04,267 ,2.00,-0.74%,"88,197,229"
2020.05.05,265 ,2.00,-0.75%,"47,812,459"
2020.05.06,262 ,3.00,-1.13%,"55,797,104"
2020.05.07,264 ,2.00,+0.76%,"74,226,914"
2020.05.08,265 ,1.00,+0.38%,"68,411,838"
2020.05.09,263 ,2.00,-0.75%,"70,060,967"
2020.05.10,242 ,21.00,-7.98%,"182,183,629"
2020.05.11,235 ,7.00,-2.89%,"129,345,586"
2020.05.12,239 ,4.00,+1.70%,"58,129,393"
2020.05.13,245 ,6.00,+2.51%,"45,958,823"
2020.05.14,246 ,1.00,+0.41%,"68,316,059"
2020.05.15,241 ,5.00,-2.03%,"53,143,761"
2020.05.16,241 ,0,0.00%,"32,608,750"
2020.05.17,241 ,0,0.00%,"34,963,647"
2020.05.18,247 ,6.00,+2.49%,"62,366,748"
2020.05.19,247 ,0,0.00%,"46,825,209"
2020.05.20,245 ,2.00,-0.81%,"48,417,688"
2020.05.21,237 ,8.00,-3.27%,"71,356,437"
2020.05.22,244 ,7.00,+2.95%,"66,767,123"
2020.05.23,242 ,2.00,-0.82%,"27,086,019"
2020.05.24,235 ,7.00,-2.89%,"40,087,333"
2020.05.25,238 ,3.00,+1.28%,"63,937,052"
2020.05.26,235 ,3.00,-1.26%,"43,183,869"
2020.05.27,240 ,5.00,+2.13%,"50,082,346"
2020.05.28,243 ,3.00,+1.25%,"49,287,325"
2020.05.29,240 ,3.00,-1.23%,"49,129,951"
2020.05.30,247 ,7.00,+2.92%,"80,071,594"
2020.05.31,245 ,2.00,-0.81%,"127,815,504"
2020.06.01,250 ,5.00,+2.04%,"67,809,129"
2020.06.02,246 ,4.00,-1.60%,"114,444,769"
2020.06.03,247 ,1.00,+0.41%,"41,856,826"
2020.06.04,247 ,0,0.00%,"78,830,898"
2020.06.05,245 ,2.00,-0.81%,"40,700,600"
2020.06.06,245 ,0,0.00%,"29,205,243"
2020.06.07,245 ,0,0.00%,"44,663,201"
2020.06.08,244 ,1.00,-0.41%,"31,836,344"
2020.06.09,241 ,3.00,-1.23%,"34,745,085"
2020.06.10,241 ,0,0.00%,"34,202,048"
2020.06.11,226 ,15.00,-6.22%,"72,590,745"
2020.06.12,232 ,6.00,+2.65%,"53,062,370"
2020.06.13,231 ,1.00,-0.43%,"25,404,182"
2020.06.14,229 ,2.00,-0.87%,"22,396,990"
2020.06.15,232 ,3.00,+1.31%,"69,258,842"
2020.06.16,230 ,2.00,-0.86%,"34,800,375"
2020.06.17,234 ,4.00,+1.74%,"91,036,775"
2020.06.18,230 ,4.00,-1.71%,"46,688,385"
2020.06.19,228 ,2.00,-0.87%,"46,570,914"
2020.06.20,228 ,0,0.00%,"24,091,256"
2020.06.21,224 ,4.00,-1.75%,"19,683,233"
2020.06.22,227 ,3.00,+1.34%,"40,211,095"
2020.06.23,226 ,1.00,-0.44%,"30,132,557"
2020.06.24,222 ,4.00,-1.77%,"58,867,457"
2020.06.25,219 ,3.00,-1.35%,"44,724,089"
2020.06.26,220 ,1.00,+0.46%,"62,927,693"
2020.06.27,213 ,7.00,-3.18%,"39,028,823"
2020.06.28,213 ,0,0.00%,"42,364,806"
2020.06.29,212 ,1.00,-0.47%,"41,642,944"
2020.06.30,210 ,2.00,-0.94%,"34,144,915"
2020.07.01,212 ,2.00,+0.95%,"52,112,630"
2020.07.02,209 ,3.00,-1.42%,"49,179,309"
2020.07.03,211 ,2.00,+0.96%,"39,616,657"
2020.07.04,212 ,1.00,+0.47%,"29,663,540"
2020.07.05,211 ,1.00,-0.47%,"29,089,592"
2020.07.06,224 ,13.00,+6.16%,"91,214,425"
2020.07.07,219 ,5.00,-2.23%,"52,713,431"
2020.07.08,243 ,24.00,+10.96%,"175,839,026"
2020.07.09,241 ,2.00,-0.82%,"156,393,215"
2020.07.10,237 ,4.00,-1.66%,"70,327,574"
2020.07.11,239 ,2.00,+0.84%,"54,789,094"
2020.07.12,239 ,0,0.00%,"41,062,331"
2020.07.13,237 ,2.00,-0.84%,"81,375,162"
2020.07.14,237 ,0,0.00%,"56,739,151"
2020.07.15,236 ,1.00,-0.42%,"35,542,726"
2020.07.16,233 ,3.00,-1.27%,"66,152,451"
2020.07.17,232 ,1.00,-0.43%,"61,704,035"
2020.07.18,238 ,6.00,+2.59%,"45,630,228"
2020.07.19,237 ,1.00,-0.42%,"45,615,003"
2020.07.20,233 ,4.00,-1.69%,"44,416,411"
2020.07.21,236 ,3.00,+1.29%,"54,586,719"
2020.07.22,241 ,5.00,+2.12%,"37,307,810"
2020.07.23,247 ,6.00,+2.49%,"89,382,130"
2020.07.24,243 ,4.00,-1.62%,"57,138,147"
2020.07.25,253 ,10.00,+4.12%,"75,213,680"
2020.07.26,254 ,1.00,+0.40%,"152,296,761"
2020.07.27,263 ,9.00,+3.54%,"160,062,782"
2020.07.28,270 ,7.00,+2.66%,"146,779,209"
2020.07.29,287 ,17.00,+6.30%,"201,049,188"
2020.07.30,288 ,1.00,+0.35%,"136,403,514"
2020.07.31,307 ,19.00,+6.60%,"123,623,918"
2020.08.01,344 ,37.00,+12.05%,"265,852,042"
2020.08.02,340 ,4.00,-1.16%,"918,142,802"
2020.08.03,367 ,27.00,+7.94%,"377,130,464"
2020.08.04,359 ,8.00,-2.18%,"279,545,212"
2020.08.05,358 ,1.00,-0.28%,"150,694,468"
2020.08.06,358 ,0,0.00%,"127,765,440"
2020.08.07,350 ,8.00,-2.23%,"143,940,098"
2020.08.08,348 ,2.00,-0.57%,"88,491,511"
2020.08.09,340 ,8.00,-2.30%,"102,708,395"
2020.08.10,347 ,7.00,+2.06%,"107,014,675"
2020.08.11,338 ,9.00,-2.59%,"190,101,402"
2020.08.12,335 ,3.00,-0.89%,"154,329,381"
2020.08.13,345 ,10.00,+2.99%,"149,550,039"
2020.08.14,353 ,8.00,+2.32%,"177,911,297"
2020.08.15,351 ,2.00,-0.57%,"101,596,362"
2020.08.16,355 ,4.00,+1.14%,"99,285,334"
2020.08.17,366 ,11.00,+3.10%,"286,573,963"
2020.08.18,355 ,11.00,-3.01%,"177,240,846"
2020.08.19,342 ,13.00,-3.66%,"170,176,640"
2020.08.20,344 ,2.00,+0.58%,"93,831,613"
2020.08.21,334 ,10.00,-2.91%,"130,314,865"
2020.08.22,339 ,5.00,+1.50%,"82,562,295"
2020.08.23,339 ,0,0.00%,"54,721,104"
2020.08.24,341 ,2.00,+0.59%,"59,478,621"
2020.08.25,330 ,11.00,-3.23%,"88,224,522"
2020.08.26,327 ,3.00,-0.91%,"62,690,093"
2020.08.27,314 ,13.00,-3.98%,"141,756,221"
2020.08.28,320 ,6.00,+1.91%,"72,661,163"
2020.08.29,322 ,2.00,+0.63%,"59,634,441"
2020.08.30,331 ,9.00,+2.80%,"54,900,891"
2020.08.31,331 ,0,0.00%,"58,946,501"
2020.09.01,346 ,15.00,+4.53%,"129,075,502"
2020.09.02,329 ,17.00,-4.91%,"209,261,884"
2020.09.03,296 ,33.00,-10.03%,"204,764,506"
2020.09.04,307 ,11.00,+3.72%,"248,544,709"
2020.09.05,288 ,19.00,-6.19%,"195,850,512"
2020.09.06,289 ,1.00,+0.35%,"149,000,280"
2020.09.07,289 ,0,0.00%,"125,556,088"
2020.09.08,284 ,5.00,-1.73%,"93,704,106"
2020.09.09,285 ,1.00,+0.35%,"72,456,702"
2020.09.10,290 ,5.00,+1.75%,"94,052,678"
2020.09.11,289 ,1.00,-0.34%,"57,408,141"
2020.09.12,294 ,5.00,+1.73%,"35,447,901"
2020.09.13,290 ,4.00,-1.36%,"79,568,620"
2020.09.14,292 ,2.00,+0.69%,"59,553,637"
2020.09.15,289 ,3.00,-1.03%,"57,729,517"
2020.09.16,291 ,2.00,+0.69%,"71,709,827"
2020.09.17,296 ,5.00,+1.72%,"103,884,743"
2020.09.18,293 ,3.00,-1.01%,"54,898,175"
2020.09.19,294 ,1.00,+0.34%,"34,920,646"
2020.09.20,288 ,6.00,-2.04%,"32,746,973"
2020.09.21,272 ,16.00,-5.56%,"89,905,550"
2020.09.22,273 ,1.00,+0.37%,"58,279,845"
2020.09.23,259 ,14.00,-5.13%,"73,102,533"
2020.09.24,272 ,13.00,+5.02%,"72,701,805"
2020.09.25,280 ,8.00,+2.94%,"80,419,846"
2020.09.26,282 ,2.00,+0.71%,"39,017,055"
2020.09.27,283 ,1.00,+0.35%,"41,536,659"
2020.09.28,281 ,2.00,-0.71%,"48,222,432"
2020.09.29,283 ,2.00,+0.71%,"46,654,705"
2020.09.30,282 ,1.00,-0.35%,"28,133,174"
2020.10.01,278 ,4.00,-1.42%,"36,897,106"
2020.10.02,275 ,3.00,-1.08%,"51,688,485"
2020.10.03,274 ,1.00,-0.36%,"21,406,842"
2020.10.04,290 ,16.00,+5.84%,"69,608,401"
2020.10.05,291 ,1.00,+0.34%,"78,871,484"
2020.10.06,288 ,3.00,-1.03%,"122,030,066"
2020.10.07,290 ,2.00,+0.69%,"49,456,416"
2020.10.08,290 ,0,0.00%,"69,019,451"
2020.10.09,289 ,1.00,-0.34%,"71,879,581"
2020.10.10,290 ,1.00,+0.35%,"74,822,100"
2020.10.11,291 ,1.00,+0.34%,"42,345,840"
2020.10.12,292 ,1.00,+0.34%,"69,259,699"
2020.10.13,295 ,3.00,+1.03%,"62,629,914"
2020.10.14,287 ,8.00,-2.71%,"77,524,934"
2020.10.15,283 ,4.00,-1.39%,"59,039,545"
2020.10.16,277 ,6.00,-2.12%,"62,597,145"
2020.10.17,278 ,1.00,+0.36%,"29,678,860"
2020.10.18,278 ,0,0.00%,"21,521,371"
2020.10.19,281 ,3.00,+1.08%,"46,308,645"
2020.10.20,279 ,2.00,-0.71%,"45,155,195"
2020.10.21,283 ,4.00,+1.43%,"68,397,777"
2020.10.22,289 ,6.00,+2.12%,"87,672,145"
2020.10.23,287 ,2.00,-0.69%,"57,218,693"
2020.10.24,289 ,2.00,+0.70%,"27,425,851"
2020.10.25,286 ,3.00,-1.04%,"33,534,923"
2020.10.26,282 ,4.00,-1.40%,"57,224,510"
2020.10.27,284 ,2.00,+0.71%,"43,890,997"
2020.10.28,280 ,4.00,-1.41%,"71,188,579"
2020.10.29,274 ,6.00,-2.14%,"46,825,111"
2020.10.30,270 ,4.00,-1.46%,"62,823,421"
2020.10.31,272 ,2.00,+0.74%,"28,300,885"
2020.11.01,271 ,1.00,-0.37%,"21,746,790"
2020.11.02,267 ,4.00,-1.48%,"47,272,754"
2020.11.03,271 ,4.00,+1.50%,"84,141,546"
2020.11.04,268 ,3.00,-1.11%,"49,200,985"
2020.11.05,274 ,6.00,+2.24%,"71,948,710"
2020.11.06,289 ,15.00,+5.47%,"111,382,987"
2020.11.07,280 ,9.00,-3.11%,"129,278,774"
2020.11.08,284 ,4.00,+1.43%,"56,956,901"
2020.11.09,279 ,5.00,-1.76%,"66,529,588"
2020.11.10,283 ,4.00,+1.43%,"114,930,767"
2020.11.11,285 ,2.00,+0.71%,"71,337,745"
2020.11.12,282 ,3.00,-1.05%,"49,222,597"
2020.11.13,293 ,11.00,+3.90%,"70,907,641"
2020.11.14,297 ,4.00,+1.37%,"144,260,259"
2020.11.15,299 ,2.00,+0.67%,"103,642,661"
2020.11.16,314 ,15.00,+5.02%,"135,235,846"
2020.11.17,331 ,17.00,+5.41%,"215,998,075"
2020.11.18,326 ,5.00,-1.51%,"234,915,017"
2020.11.19,338 ,12.00,+3.68%,"171,845,138"
2020.11.20,364 ,26.00,+7.69%,"239,905,434"
2020.11.21,500 ,136,+37.36%,"1,178,772,839"
2020.11.22,494 ,7.00,-1.40%,"1,326,960,760"
2020.11.23,673 ,179,+36.23%,"1,243,531,292"
2020.11.24,758 ,85.00,+12.63%,"1,883,666,726"
2020.11.25,702 ,56.00,-7.39%,"823,209,481"
2020.11.26,600 ,102,-14.53%,"1,706,453,366"
2020.11.27,627 ,27.00,+4.50%,"1,029,245,285"
2020.11.28,688 ,61.00,+9.73%,"812,470,602"
2020.11.29,665 ,23.00,-3.34%,"495,092,680"
2020.11.30,720 ,55.00,+8.27%,"632,951,350"
2020.12.01,681 ,39.00,-5.42%,"683,947,633"
2020.12.02,691 ,10.00,+1.47%,"266,777,247"
2020.12.03,687 ,4.00,-0.58%,"169,194,576"
2020.12.04,612 ,75.00,-10.92%,"391,777,275"
2020.12.05,635 ,23.00,+3.76%,"265,793,474"
2020.12.06,673 ,38.00,+5.98%,"369,768,901"
2020.12.07,661 ,12.00,-1.78%,"152,042,725"
2020.12.08,612 ,49.00,-7.41%,"264,933,493"
2020.12.09,637 ,25.00,+4.08%,"720,299,525"
2020.12.10,626 ,12.00,-1.88%,"377,054,012"
2020.12.11,581 ,45.00,-7.19%,"480,825,462"
2020.12.12,555 ,29.00,-4.97%,"550,612,539"
2020.12.13,557 ,2.00,+0.36%,"278,501,236"
2020.12.14,540 ,17.00,-3.05%,"143,901,280"
2020.12.15,509 ,31.00,-5.74%,"229,495,729"
2020.12.16,611 ,102,+20.04%,"768,724,350"
2020.12.17,626 ,15.00,+2.45%,"995,588,036"
2020.12.18,634 ,8.00,+1.28%,"465,919,829"
2020.12.19,634 ,0,0.00%,"256,351,134"
2020.12.20,614 ,20.00,-3.15%,"199,701,258"
2020.12.21,574 ,40.00,-6.51%,"432,321,418"
2020.12.22,503 ,71.00,-12.37%,"941,187,846"
2020.12.23,296 ,207,-41.15%,"3,751,620,778"
2020.12.24,376 ,80.00,+27.03%,"3,118,416,958"
2020.12.25,349 ,26.00,-6.93%,"3,261,291,097"
2020.12.26,327 ,21.00,-6.03%,"1,128,730,657"
2020.12.27,317 ,10.00,-3.06%,"1,212,050,521"
2020.12.28,277 ,40.00,-12.62%,"945,715,099"
2020.12.29,247 ,30.00,-10.83%,"2,919,976,686"
2020.12.30,233 ,14.00,-5.67%,"1,338,916,068"
2020.12.31,243 ,10.00,+4.29%,"616,252,352"
2021.01.01,262 ,19.00,+7.82%,"1,025,934,533"
2021.01.02,245 ,17.00,-6.49%,"510,408,967"
2021.01.03,256 ,11.00,+4.49%,"871,057,217"
2021.01.04,269 ,13.00,+5.08%,"1,485,322,366"
2021.01.05,253 ,16.00,-5.95%,"765,746,608"
2021.01.06,276 ,23.00,+9.09%,"1,529,761,479"
2021.01.07,290 ,14.00,+5.07%,"139,756,809"
