203 ,0,0.00%,0
211 ,8.00,+3.94%,0
232 ,21.00,+9.95%,0
222 ,10.00,-4.31%,0
220 ,2.00,-0.90%,0
224 ,4.00,+1.82%,0
234 ,10.00,+4.46%,0
232 ,2.00,-0.85%,0
235 ,3.00,+1.29%,0
248 ,13.00,+5.53%,0
271 ,23.00,+9.27%,0
269 ,2.00,-0.74%,0
273 ,4.00,+1.49%,0
319 ,46.00,+16.85%,0
286 ,33.00,-10.34%,0
298 ,12.00,+4.20%,0
303 ,5.00,+1.68%,0
286 ,17.00,-5.61%,0
294 ,8.00,+2.80%,0
287 ,7.00,-2.38%,0
299 ,12.00,+4.18%,0
290 ,9.00,-3.01%,0
261 ,29.00,-10.00%,0
249 ,12.00,-4.60%,81
245 ,4.00,-1.61%,235
238 ,7.00,-2.86%,65
239 ,1.00,+0.42%,2
233 ,6.00,-2.51%,2
231 ,2.00,-0.86%,2
233 ,2.00,+0.87%,2
232 ,1.00,-0.43%,2
228 ,4.00,-1.72%,2
229 ,1.00,+0.44%,4
229 ,0,0.00%,2
219 ,10.00,-4.37%,2
236 ,17.00,+7.76%,2
235 ,1.00,-0.42%,2
227 ,8.00,-3.40%,2
228 ,1.00,+0.44%,2
235 ,7.00,+3.07%,1
239 ,4.00,+1.70%,6
243 ,4.00,+1.67%,6
247 ,4.00,+1.65%,6
233 ,14.00,-5.67%,6
241 ,8.00,+3.43%,6
234 ,7.00,-2.90%,4
231 ,3.00,-1.28%,"15,508,416"
237 ,6.00,+2.60%,"19,620,044"
239 ,2.00,+0.84%,"7,455,245"
254 ,15.00,+6.28%,"78,652,297"
249 ,5.00,-1.97%,"37,724,653"
251 ,2.00,+0.80%,"12,614,821"
253 ,2.00,+0.80%,"16,382,877"
262 ,9.00,+3.56%,"19,148,283"
254 ,8.00,-3.05%,"17,958,001"
262 ,8.00,+3.15%,"14,420,989"
268 ,6.00,+2.29%,"26,384,894"
267 ,1.00,-0.37%,"36,972,226"
279 ,12.00,+4.49%,"34,362,089"
274 ,5.00,-1.79%,"18,084,374"
288 ,14.00,+5.11%,"18,961,263"
339 ,51.00,+17.71%,"87,669,124"
266 ,73.00,-21.53%,"61,744,997"
282 ,16.00,+6.02%,"49,590,274"
287 ,5.00,+1.77%,"33,465,260"
290 ,3.00,+1.05%,"25,157,030"
287 ,3.00,-1.03%,"45,140,752"
289 ,2.00,+0.70%,"38,529,543"
292 ,3.00,+1.04%,"25,099,750"
290 ,2.00,-0.68%,"31,836,086"
287 ,3.00,-1.03%,"25,620,375"
298 ,11.00,+3.83%,"177,582,441"
284 ,14.00,-4.70%,"41,356,987"
269 ,15.00,-5.28%,"49,479,144"
288 ,19.00,+7.06%,"29,488,851"
435 ,147,+51.04%,"486,269,702"
523 ,87.00,+19.95%,"1,234,508,465"
940 ,417,+79.73%,"1,574,952,265"
844 ,97.00,-10.31%,"710,829,072"
849 ,5.00,+0.59%,"289,044,848"
816 ,33.00,-3.89%,"167,637,319"
879 ,63.00,+7.72%,"266,267,036"
940 ,61.00,+6.94%,"267,569,664"
995 ,55.00,+5.85%,"91,230,458"
"1,605 ",610,+61.31%,"668,967,938"
"1,460 ",145,-9.03%,"948,597,107"
"1,470 ",10.00,+0.68%,"316,729,034"
"1,405 ",65.00,-4.42%,"76,654,377"
"1,425 ",20.00,+1.42%,"43,157,295"
"1,505 ",80.00,+5.61%,"63,421,207"
"1,720 ",215,+14.29%,"247,181,182"
"1,705 ",15.00,-0.87%,"245,936,168"
"2,570 ",865,+50.73%,"661,793,178"
"2,725 ",155,+6.03%,"709,747,652"
"2,745 ",20.00,+0.73%,"358,051,730"
"2,885 ",140,+5.10%,"128,537,201"
"3,000 ",115,+3.99%,"194,160,917"
"3,735 ",735,+24.50%,"310,515,786"
"4,215 ",480,+12.85%,"243,580,793"
"4,060 ",155,-3.68%,"285,942,130"
"4,130 ",70.00,+1.72%,"125,416,769"
"4,380 ",250,+6.05%,"104,396,153"
"4,005 ",375,-8.56%,"123,757,910"
"3,410 ",595,-14.86%,"205,549,393"
"2,805 ",605,-17.74%,"385,809,127"
"2,815 ",10.00,+0.36%,"650,554,712"
"3,055 ",240,+8.53%,"451,118,010"
"2,960 ",95.00,-3.11%,"184,419,655"
"2,575 ",385,-13.01%,"142,384,305"
"2,335 ",240,-9.32%,"99,009,299"
"1,465 ",870,-37.26%,"444,522,206"
"1,760 ",295,+20.14%,"790,870,222"
"2,075 ",315,+17.90%,"1,214,430,285"
"2,065 ",10.00,-0.48%,"422,612,523"
"2,070 ",5.00,+0.24%,"197,120,801"
"1,725 ",345,-16.67%,"335,038,420"
"1,715 ",10.00,-0.58%,"238,768,477"
"1,615 ",100,-5.83%,"308,762,626"
"1,600 ",15.00,-0.93%,"191,867,662"
"1,515 ",85.00,-5.31%,"102,179,202"
"1,395 ",120,-7.92%,"176,996,057"
"1,365 ",30.00,-2.15%,"51,054,023"
"1,540 ",175,+12.82%,"93,826,225"
"1,450 ",90.00,-5.84%,"77,716,606"
"1,270 ",180,-12.41%,"76,074,108"
"1,260 ",10.00,-0.79%,"101,882,447"
"1,040 ",220,-17.46%,"101,967,406"
956 ,84.00,-8.08%,"478,265,553"
982 ,26.00,+2.72%,"313,834,422"
891 ,91.00,-9.27%,"139,107,715"
773 ,118,-13.24%,"111,163,948"
848 ,75.00,+9.70%,"243,053,101"
789 ,59.00,-6.96%,"132,551,422"
898 ,109,+13.81%,"154,921,812"
"1,050 ",152,+16.93%,"366,358,277"
"1,190 ",140,+13.33%,"856,656,523"
"1,105 ",85.00,-7.14%,"537,543,914"
"1,190 ",85.00,+7.69%,"332,550,652"
"1,140 ",50.00,-4.20%,"132,337,670"
"1,240 ",100,+8.77%,"162,289,438"
"1,250 ",10.00,+0.81%,"132,731,328"
"1,250 ",0,0.00%,"46,595,455"
"1,310 ",60.00,+4.80%,"148,561,813"
"1,225 ",85.00,-6.49%,"114,006,387"
"1,260 ",35.00,+2.86%,"51,395,060"
"1,235 ",25.00,-1.98%,"76,359,516"
"1,160 ",75.00,-6.07%,"69,398,702"
"1,055 ",105,-9.05%,"80,711,265"
"1,120 ",65.00,+6.16%,"94,646,952"
"1,070 ",50.00,-4.46%,"47,756,242"
"1,055 ",15.00,-1.40%,"35,072,290"
"1,060 ",5.00,+0.47%,"48,120,568"
"1,045 ",15.00,-1.42%,"22,802,318"
"1,015 ",30.00,-2.87%,"23,967,563"
"1,020 ",5.00,+0.49%,"49,779,968"
"1,005 ",15.00,-1.47%,"21,721,679"
"1,000 ",5.00,-0.50%,"24,832,723"
"1,095 ",95.00,+9.50%,"55,595,639"
"1,045 ",50.00,-4.57%,"152,592,018"
"1,010 ",35.00,-3.35%,"74,440,041"
958 ,52.00,-5.15%,"81,721,929"
906 ,52.00,-5.43%,"48,059,833"
925 ,19.00,+2.10%,"113,357,055"
869 ,56.00,-6.05%,"44,571,945"
896 ,27.00,+3.11%,"52,847,326"
875 ,21.00,-2.34%,"38,942,306"
863 ,12.00,-1.37%,"21,262,825"
764 ,99.00,-11.47%,"43,248,438"
753 ,11.00,-1.44%,"145,885,121"
745 ,8.00,-1.06%,"55,493,488"
689 ,56.00,-7.52%,"29,629,294"
711 ,22.00,+3.19%,"96,805,074"
813 ,102,+14.35%,"173,157,176"
772 ,41.00,-5.04%,"138,571,804"
756 ,16.00,-2.07%,"82,937,640"
733 ,23.00,-3.04%,"55,117,063"
708 ,25.00,-3.41%,"65,203,495"
703 ,5.00,-0.71%,"71,904,721"
710 ,7.00,+1.00%,"24,574,414"
655 ,55.00,-7.75%,"37,712,779"
631 ,24.00,-3.66%,"36,386,737"
629 ,2.00,-0.32%,"24,174,526"
559 ,70.00,-11.13%,"50,804,869"
554 ,5.00,-0.89%,"63,353,153"
556 ,2.00,+0.36%,"37,034,384"
526 ,30.00,-5.40%,"41,310,084"
540 ,14.00,+2.66%,"47,963,419"
600 ,60.00,+11.11%,"137,148,277"
542 ,58.00,-9.67%,"63,537,249"
534 ,8.00,-1.48%,"65,019,651"
520 ,14.00,-2.62%,"24,434,453"
529 ,9.00,+1.73%,"25,832,890"
540 ,11.00,+2.08%,"17,154,421"
533 ,7.00,-1.30%,"30,968,176"
531 ,2.00,-0.38%,"13,995,915"
574 ,43.00,+8.10%,"54,880,459"
657 ,83.00,+14.46%,"276,522,681"
681 ,24.00,+3.65%,"202,032,728"
665 ,16.00,-2.35%,"83,929,446"
714 ,49.00,+7.37%,"94,450,720"
712 ,2.00,-0.28%,"74,737,170"
702 ,10.00,-1.40%,"66,727,471"
755 ,53.00,+7.55%,"91,206,291"
848 ,93.00,+12.32%,"111,971,377"
995 ,147,+17.33%,"417,477,998"
942 ,53.00,-5.33%,"213,233,234"
940 ,2.00,-0.21%,"130,405,205"
954 ,14.00,+1.49%,"79,631,187"
"1,000 ",46.00,+4.82%,"254,196,099"
876 ,124,-12.40%,"220,134,855"
925 ,49.00,+5.59%,"119,592,712"
887 ,38.00,-4.11%,"71,384,630"
927 ,40.00,+4.51%,"113,320,217"
938 ,11.00,+1.19%,"169,917,337"
910 ,28.00,-2.99%,"82,401,024"
910 ,0,0.00%,"83,967,899"
931 ,21.00,+2.31%,"58,529,831"
966 ,35.00,+3.76%,"85,623,104"
974 ,8.00,+0.83%,"128,795,524"
989 ,15.00,+1.54%,"80,971,137"
957 ,32.00,-3.24%,"65,568,980"
921 ,36.00,-3.76%,"47,781,634"
898 ,23.00,-2.50%,"35,188,655"
888 ,10.00,-1.11%,"49,201,671"
828 ,60.00,-6.76%,"32,752,312"
745 ,83.00,-10.02%,"94,325,145"
766 ,21.00,+2.82%,"49,292,951"
823 ,57.00,+7.44%,"45,822,669"
821 ,2.00,-0.24%,"46,035,162"
775 ,46.00,-5.60%,"25,255,603"
787 ,12.00,+1.55%,"28,893,934"
744 ,43.00,-5.46%,"21,352,566"
752 ,8.00,+1.08%,"15,572,805"
746 ,6.00,-0.80%,"9,877,136"
769 ,23.00,+3.08%,"13,973,581"
753 ,16.00,-2.08%,"14,865,487"
715 ,38.00,-5.05%,"11,417,594"
667 ,48.00,-6.71%,"25,378,492"
697 ,30.00,+4.50%,"26,332,016"
674 ,23.00,-3.30%,"15,440,456"
676 ,2.00,+0.30%,"8,501,293"
671 ,5.00,-0.74%,"7,242,092"
608 ,63.00,-9.39%,"16,900,782"
668 ,60.00,+9.87%,"27,130,292"
668 ,0,0.00%,"22,595,619"
677 ,9.00,+1.35%,"19,115,588"
683 ,6.00,+0.89%,"14,176,569"
702 ,19.00,+2.78%,"14,327,310"
752 ,50.00,+7.12%,"18,319,330"
723 ,29.00,-3.86%,"37,154,490"
738 ,15.00,+2.07%,"26,281,953"
736 ,2.00,-0.27%,"13,508,177"
737 ,1.00,+0.14%,"11,698,052"
735 ,2.00,-0.27%,"8,142,332"
722 ,13.00,-1.77%,"6,170,867"
651 ,71.00,-9.83%,"28,859,515"
665 ,14.00,+2.15%,"20,947,760"
625 ,40.00,-6.02%,"20,655,810"
592 ,33.00,-5.28%,"20,316,172"
618 ,26.00,+4.39%,"29,923,915"
597 ,21.00,-3.40%,"15,423,807"
595 ,2.00,-0.34%,"12,742,402"
589 ,6.00,-1.01%,"6,893,352"
598 ,9.00,+1.53%,"13,130,391"
614 ,16.00,+2.68%,"13,468,423"
602 ,12.00,-1.95%,"21,631,567"
600 ,2.00,-0.33%,"9,481,719"
555 ,45.00,-7.50%,"21,280,044"
557 ,2.00,+0.36%,"10,848,527"
539 ,18.00,-3.23%,"24,434,488"
540 ,1.00,+0.19%,"14,675,267"
515 ,25.00,-4.63%,"8,111,421"
530 ,15.00,+2.91%,"10,543,009"
507 ,23.00,-4.34%,"8,705,155"
509 ,2.00,+0.39%,"20,884,309"
524 ,15.00,+2.95%,"25,862,581"
515 ,9.00,-1.72%,"15,362,746"
540 ,25.00,+4.85%,"24,582,935"
542 ,2.00,+0.37%,"32,391,716"
546 ,4.00,+0.74%,"25,739,603"
538 ,8.00,-1.47%,"16,887,956"
539 ,1.00,+0.19%,"13,481,528"
542 ,3.00,+0.56%,"5,386,625"
536 ,6.00,-1.11%,"8,417,617"
530 ,6.00,-1.12%,"7,519,096"
503 ,27.00,-5.09%,"14,225,582"
508 ,5.00,+0.99%,"10,521,595"
499 ,9.00,-1.77%,"10,641,042"
498 ,1.00,-0.20%,"11,135,911"
499 ,1.00,+0.20%,"6,403,426"
504 ,5.00,+1.00%,"8,273,331"
533 ,29.00,+5.75%,"20,532,341"
558 ,25.00,+4.69%,"21,052,491"
550 ,8.00,-1.43%,"32,233,217"
539 ,11.00,-2.00%,"16,609,406"
506 ,33.00,-6.12%,"23,612,251"
514 ,8.00,+1.58%,"11,665,564"
506 ,8.00,-1.56%,"9,897,103"
505 ,1.00,-0.20%,"15,006,853"
516 ,11.00,+2.18%,"29,251,713"
514 ,2.00,-0.39%,"30,534,338"
507 ,7.00,-1.36%,"14,897,034"
507 ,0,0.00%,"16,646,010"
512 ,5.00,+0.99%,"6,011,842"
510 ,2.00,-0.39%,"4,920,877"
506 ,4.00,-0.78%,"10,658,174"
495 ,11.00,-2.17%,"14,024,916"
512 ,17.00,+3.43%,"41,772,309"
498 ,14.00,-2.73%,"15,517,242"
505 ,7.00,+1.41%,"23,506,579"
494 ,11.00,-2.18%,"11,645,088"
498 ,4.00,+0.81%,"11,998,675"
475 ,23.00,-4.62%,"17,805,922"
437 ,38.00,-8.00%,"30,542,913"
387 ,50.00,-11.44%,"45,812,645"
398 ,11.00,+2.84%,"49,161,836"
375 ,23.00,-5.78%,"25,614,474"
351 ,24.00,-6.40%,"39,686,507"
347 ,4.00,-1.14%,"16,343,628"
325 ,22.00,-6.34%,"26,332,800"
319 ,6.00,-1.85%,"44,478,223"
328 ,9.00,+2.82%,"39,918,695"
339 ,11.00,+3.35%,"25,331,772"
419 ,80.00,+23.60%,"63,429,540"
380 ,39.00,-9.31%,"74,479,663"
393 ,13.00,+3.42%,"53,655,474"
366 ,27.00,-6.87%,"46,731,915"
376 ,10.00,+2.73%,"29,794,627"
365 ,11.00,-2.93%,"44,918,204"
372 ,7.00,+1.92%,"30,579,024"
370 ,2.00,-0.54%,"31,420,618"
369 ,1.00,-0.27%,"18,466,872"
364 ,5.00,-1.36%,"16,999,158"
378 ,14.00,+3.85%,"25,132,657"
389 ,11.00,+2.91%,"35,342,181"
383 ,6.00,-1.54%,"37,560,740"
377 ,6.00,-1.57%,"29,025,955"
375 ,2.00,-0.53%,"19,292,441"
386 ,11.00,+2.93%,"26,496,266"
380 ,6.00,-1.55%,"22,852,622"
374 ,6.00,-1.58%,"15,011,754"
372 ,2.00,-0.53%,"27,292,545"
321 ,51.00,-13.71%,"54,322,577"
348 ,27.00,+8.41%,"54,801,931"
332 ,16.00,-4.60%,"28,432,367"
322 ,10.00,-3.01%,"18,380,790"
319 ,3.00,-0.93%,"19,928,640"
311 ,8.00,-2.51%,"23,664,482"
303 ,8.00,-2.57%,"22,338,639"
307 ,4.00,+1.32%,"23,851,510"
317 ,10.00,+3.26%,"31,598,266"
314 ,3.00,-0.95%,"21,101,809"
317 ,3.00,+0.96%,"12,575,867"
318 ,1.00,+0.32%,"11,392,492"
311 ,7.00,-2.20%,"17,631,117"
365 ,54.00,+17.36%,"150,945,020"
371 ,6.00,+1.64%,"81,101,860"
506 ,135,+36.39%,"267,162,318"
628 ,122,+24.11%,"880,294,889"
641 ,13.00,+2.07%,"622,448,870"
640 ,1.00,-0.16%,"203,899,685"
555 ,85.00,-13.28%,"190,231,685"
595 ,40.00,+7.21%,"345,118,162"
579 ,16.00,-2.69%,"395,326,144"
605 ,26.00,+4.49%,"160,139,902"
603 ,2.00,-0.33%,"117,470,909"
634 ,31.00,+5.14%,"220,253,268"
651 ,17.00,+2.68%,"287,204,151"
644 ,7.00,-1.08%,"283,074,688"
585 ,59.00,-9.16%,"105,057,568"
600 ,15.00,+2.56%,"136,955,175"
600 ,0,0.00%,"78,853,857"
590 ,10.00,-1.67%,"57,959,991"
554 ,36.00,-6.10%,"80,354,835"
547 ,7.00,-1.26%,"59,616,063"
557 ,10.00,+1.83%,"62,619,409"
546 ,11.00,-1.97%,"32,282,255"
525 ,21.00,-3.85%,"53,396,573"
441 ,84.00,-16.00%,"153,343,294"
480 ,39.00,+8.84%,"189,877,447"
480 ,0,0.00%,"37,890,861"
464 ,16.00,-3.33%,"33,708,926"
506 ,42.00,+9.05%,"244,301,648"
526 ,20.00,+3.95%,"90,477,371"
526 ,0,0.00%,"71,701,673"
520 ,6.00,-1.14%,"50,236,675"
515 ,5.00,-0.96%,"36,692,382"
519 ,4.00,+0.78%,"25,437,834"
516 ,3.00,-0.58%,"16,601,895"
512 ,4.00,-0.78%,"24,020,019"
521 ,9.00,+1.76%,"52,394,261"
515 ,6.00,-1.15%,"29,569,915"
516 ,1.00,+0.19%,"20,435,016"
517 ,1.00,+0.19%,"17,395,019"
515 ,2.00,-0.39%,"9,512,961"
518 ,3.00,+0.58%,"8,496,678"
497 ,21.00,-4.05%,"37,909,892"
504 ,7.00,+1.41%,"17,356,544"
510 ,6.00,+1.19%,"20,946,736"
516 ,6.00,+1.18%,"11,821,618"
517 ,1.00,+0.19%,"19,622,832"
512 ,5.00,-0.97%,"12,856,636"
523 ,11.00,+2.15%,"43,209,612"
557 ,34.00,+6.50%,"97,985,455"
615 ,58.00,+10.41%,"305,864,346"
599 ,16.00,-2.60%,"88,577,654"
559 ,40.00,-6.68%,"92,932,447"
569 ,10.00,+1.79%,"64,119,492"
573 ,4.00,+0.70%,"24,522,866"
573 ,0,0.00%,"23,570,042"
590 ,17.00,+2.97%,"57,859,951"
581 ,9.00,-1.53%,"44,389,753"
555 ,26.00,-4.48%,"154,998,121"
555 ,0,0.00%,"199,033,115"
545 ,10.00,-1.80%,"70,971,194"
565 ,20.00,+3.67%,"57,695,451"
585 ,20.00,+3.54%,"111,036,220"
552 ,33.00,-5.64%,"247,634,739"
503 ,49.00,-8.88%,"363,186,239"
513 ,10.00,+1.99%,"165,570,458"
485 ,28.00,-5.46%,"55,531,051"
470 ,15.00,-3.09%,"135,874,431"
434 ,36.00,-7.66%,"91,110,906"
431 ,3.00,-0.69%,"334,004,063"
411 ,20.00,-4.64%,"228,643,406"
412 ,1.00,+0.24%,"100,116,300"
440 ,28.00,+6.80%,"148,576,029"
429 ,11.00,-2.50%,"98,843,919"
411 ,18.00,-4.20%,"69,311,539"
419 ,8.00,+1.95%,"49,600,588"
417 ,2.00,-0.48%,"38,802,821"
394 ,23.00,-5.52%,"49,483,780"
398 ,4.00,+1.02%,"74,180,907"
383 ,15.00,-3.77%,"42,750,133"
350 ,33.00,-8.62%,"83,568,029"
342 ,8.00,-2.29%,"104,919,854"
345 ,3.00,+0.88%,"72,102,792"
351 ,6.00,+1.74%,"65,386,849"
339 ,12.00,-3.42%,"41,067,472"
339 ,0,0.00%,"51,752,413"
344 ,5.00,+1.47%,"36,947,460"
337 ,7.00,-2.03%,"26,984,018"
325 ,12.00,-3.56%,"31,210,387"
320 ,5.00,-1.54%,"21,085,526"
323 ,3.00,+0.94%,"30,997,904"
365 ,42.00,+13.00%,"102,776,465"
391 ,26.00,+7.12%,"166,530,523"
388 ,3.00,-0.77%,"310,853,955"
418 ,30.00,+7.73%,"294,844,583"
400 ,18.00,-4.31%,"215,914,783"
404 ,4.00,+1.00%,"71,077,813"
414 ,10.00,+2.48%,"115,845,377"
454 ,40.00,+9.66%,"640,291,953"
426 ,28.00,-6.17%,"341,043,354"
424 ,2.00,-0.47%,"176,637,949"
386 ,38.00,-8.96%,"103,338,366"
419 ,33.00,+8.55%,"232,635,470"
403 ,16.00,-3.82%,"144,733,135"
411 ,8.00,+1.99%,"82,160,400"
396 ,15.00,-3.65%,"69,444,555"
407 ,11.00,+2.78%,"60,959,741"
416 ,9.00,+2.21%,"86,523,283"
401 ,15.00,-3.61%,"56,615,272"
401 ,0,0.00%,"47,206,633"
397 ,4.00,-1.00%,"39,210,237"
408 ,11.00,+2.77%,"54,990,214"
407 ,1.00,-0.25%,"90,482,944"
408 ,1.00,+0.25%,"61,642,843"
410 ,2.00,+0.49%,"54,606,059"
370 ,40.00,-9.76%,"228,668,386"
372 ,2.00,+0.54%,"78,234,138"
372 ,0,0.00%,"37,116,776"
354 ,18.00,-4.84%,"58,599,889"
373 ,19.00,+5.37%,"77,628,946"
365 ,8.00,-2.14%,"50,909,489"
368 ,3.00,+0.82%,"43,823,141"
366 ,2.00,-0.54%,"38,870,927"
361 ,5.00,-1.37%,"30,667,385"
367 ,6.00,+1.66%,"45,791,846"
356 ,11.00,-3.00%,"42,005,296"
357 ,1.00,+0.28%,"29,108,626"
358 ,1.00,+0.28%,"45,763,652"
353 ,5.00,-1.40%,"23,740,077"
352 ,1.00,-0.28%,"20,852,456"
348 ,4.00,-1.14%,"27,446,538"
348 ,0,0.00%,"20,613,165"
341 ,7.00,-2.01%,"23,529,244"
325 ,16.00,-4.69%,"67,288,598"
319 ,6.00,-1.85%,"36,604,547"
354 ,35.00,+10.97%,"179,706,635"
340 ,14.00,-3.95%,"218,244,888"
338 ,2.00,-0.59%,"86,653,944"
342 ,4.00,+1.18%,"43,082,121"
333 ,9.00,-2.63%,"36,504,384"
331 ,2.00,-0.60%,"38,643,796"
332 ,1.00,+0.30%,"39,343,994"
322 ,10.00,-3.01%,"46,547,379"
324 ,2.00,+0.62%,"33,811,358"
342 ,18.00,+5.56%,"101,338,017"
341 ,1.00,-0.29%,"48,963,609"
338 ,3.00,-0.88%,"52,411,068"
332 ,6.00,-1.78%,"33,044,375"
335 ,3.00,+0.90%,"37,970,446"
335 ,0,0.00%,"45,571,134"
335 ,0,0.00%,"23,877,560"
334 ,1.00,-0.30%,"46,295,027"
332 ,2.00,-0.60%,"38,277,321"
333 ,1.00,+0.30%,"63,419,118"
349 ,16.00,+4.80%,"137,662,371"
351 ,2.00,+0.57%,"260,310,875"
360 ,9.00,+2.56%,"90,070,112"
352 ,8.00,-2.22%,"62,606,872"
352 ,0,0.00%,"32,406,439"
361 ,9.00,+2.56%,"50,031,814"
332 ,29.00,-8.03%,"180,128,638"
363 ,31.00,+9.34%,"162,602,123"
352 ,11.00,-3.03%,"123,365,452"
347 ,5.00,-1.42%,"63,441,613"
350 ,3.00,+0.86%,"52,507,959"
351 ,1.00,+0.29%,"49,700,139"
349 ,2.00,-0.57%,"24,693,194"
346 ,3.00,-0.86%,"18,010,858"
338 ,8.00,-2.31%,"39,100,797"
347 ,9.00,+2.66%,"39,837,032"
349 ,2.00,+0.58%,"44,413,542"
347 ,2.00,-0.57%,"29,996,244"
342 ,5.00,-1.44%,"38,483,138"
346 ,4.00,+1.17%,"68,053,024"
346 ,0,0.00%,"57,165,065"
347 ,1.00,+0.29%,"63,212,213"
345 ,2.00,-0.58%,"45,913,686"
350 ,5.00,+1.45%,"143,144,875"
348 ,2.00,-0.57%,"70,023,414"
350 ,2.00,+0.57%,"40,044,500"
353 ,3.00,+0.86%,"65,825,821"
350 ,3.00,-0.85%,"24,307,044"
351 ,1.00,+0.29%,"51,612,222"
352 ,1.00,+0.28%,"45,237,335"
356 ,4.00,+1.14%,"92,432,936"
350 ,6.00,-1.69%,"94,566,398"
350 ,0,0.00%,"55,949,706"
351 ,1.00,+0.29%,"42,162,908"
350 ,1.00,-0.28%,"30,180,866"
345 ,5.00,-1.43%,"49,333,510"
345 ,0,0.00%,"47,199,040"
348 ,3.00,+0.87%,"48,841,411"
346 ,2.00,-0.57%,"35,567,307"
347 ,1.00,+0.29%,"77,154,448"
352 ,5.00,+1.44%,"128,689,410"
350 ,2.00,-0.57%,"39,869,345"
355 ,5.00,+1.43%,"61,940,120"
390 ,35.00,+9.86%,"308,080,040"
388 ,2.00,-0.51%,"352,343,311"
375 ,13.00,-3.35%,"154,576,532"
412 ,37.00,+9.87%,"393,414,895"
405 ,7.00,-1.70%,"122,123,985"
413 ,8.00,+1.98%,"111,506,052"
414 ,1.00,+0.24%,"128,272,859"
405 ,9.00,-2.17%,"59,862,728"
411 ,6.00,+1.48%,"77,430,009"
382 ,29.00,-7.06%,"175,732,186"
377 ,5.00,-1.31%,"113,454,469"
378 ,1.00,+0.27%,"82,536,753"
381 ,3.00,+0.79%,"53,984,269"
371 ,10.00,-2.62%,"80,435,170"
376 ,5.00,+1.35%,"62,104,787"
386 ,10.00,+2.66%,"134,409,086"
387 ,1.00,+0.26%,"104,206,090"
381 ,6.00,-1.55%,"51,941,832"
379 ,2.00,-0.52%,"33,482,674"
373 ,6.00,-1.58%,"54,334,414"
376 ,3.00,+0.80%,"79,158,821"
374 ,2.00,-0.53%,"63,682,574"
355 ,19.00,-5.08%,"151,359,480"
341 ,14.00,-3.94%,"117,170,574"
351 ,10.00,+2.93%,"91,026,119"
345 ,6.00,-1.71%,"38,196,839"
346 ,1.00,+0.29%,"30,126,333"
338 ,8.00,-2.31%,"60,410,304"
355 ,17.00,+5.03%,"106,119,793"
349 ,6.00,-1.69%,"45,593,901"
349 ,0,0.00%,"31,940,899"
353 ,4.00,+1.15%,"82,524,371"
350 ,3.00,-0.85%,"75,059,796"
348 ,2.00,-0.57%,"25,647,725"
349 ,1.00,+0.29%,"43,133,375"
344 ,5.00,-1.43%,"57,432,025"
347 ,3.00,+0.87%,"34,591,443"
346 ,1.00,-0.29%,"42,322,205"
351 ,5.00,+1.45%,"59,971,473"
375 ,24.00,+6.84%,"298,291,991"
363 ,12.00,-3.20%,"237,871,868"
382 ,19.00,+5.23%,"283,696,993"
484 ,102,+26.70%,"1,446,376,672"
538 ,54.00,+11.16%,"966,524,894"
504 ,34.00,-6.32%,"878,401,969"
468 ,36.00,-7.14%,"718,094,685"
451 ,17.00,-3.63%,"267,143,432"
497 ,46.00,+10.20%,"455,665,030"
479 ,18.00,-3.62%,"289,531,335"
475 ,4.00,-0.84%,"212,070,072"
453 ,22.00,-4.63%,"237,141,366"
457 ,4.00,+0.88%,"188,034,864"
460 ,3.00,+0.66%,"162,479,167"
460 ,0,0.00%,"76,855,478"
484 ,24.00,+5.22%,"161,454,446"
513 ,29.00,+5.99%,"479,938,702"
531 ,18.00,+3.51%,"411,205,150"
528 ,3.00,-0.56%,"296,235,869"
510 ,18.00,-3.41%,"485,365,530"
531 ,21.00,+4.12%,"233,464,145"
519 ,12.00,-2.26%,"114,973,324"
534 ,15.00,+2.89%,"109,179,640"
513 ,21.00,-3.93%,"374,962,538"
491 ,22.00,-4.29%,"328,083,603"
493 ,2.00,+0.41%,"192,901,954"
510 ,17.00,+3.45%,"237,478,487"
511 ,1.00,+0.20%,"153,614,500"
502 ,9.00,-1.76%,"73,845,249"
478 ,24.00,-4.78%,"133,634,697"
488 ,10.00,+2.09%,"125,994,544"
477 ,11.00,-2.25%,"78,018,680"
484 ,7.00,+1.47%,"81,373,023"
483 ,1.00,-0.21%,"82,307,564"
487 ,4.00,+0.83%,"68,724,629"
488 ,1.00,+0.21%,"75,184,518"
511 ,23.00,+4.71%,"192,526,193"
531 ,20.00,+3.91%,"179,926,679"
512 ,19.00,-3.58%,"157,905,605"
519 ,7.00,+1.37%,"66,372,177"
512 ,7.00,-1.35%,"95,753,197"
524 ,12.00,+2.34%,"126,110,360"
551 ,27.00,+5.15%,"439,438,548"
547 ,4.00,-0.73%,"154,593,142"
552 ,5.00,+0.91%,"121,655,307"
553 ,1.00,+0.18%,"144,949,481"
566 ,13.00,+2.35%,"475,019,891"
508 ,58.00,-10.25%,"380,697,306"
525 ,17.00,+3.35%,"181,375,810"
522 ,3.00,-0.57%,"123,782,261"
495 ,27.00,-5.17%,"101,449,725"
499 ,4.00,+0.81%,"179,641,373"
486 ,13.00,-2.61%,"166,747,082"
490 ,4.00,+0.82%,"106,445,721"
469 ,21.00,-4.29%,"79,052,472"
460 ,9.00,-1.92%,"74,881,711"
471 ,11.00,+2.39%,"117,700,230"
474 ,3.00,+0.64%,"65,348,310"
478 ,4.00,+0.84%,"88,093,452"
469 ,9.00,-1.88%,"80,015,536"
435 ,34.00,-7.25%,"164,517,744"
399 ,36.00,-8.28%,"188,643,935"
415 ,16.00,+4.01%,"191,498,330"
405 ,10.00,-2.41%,"71,721,966"
371 ,34.00,-8.40%,"125,814,137"
381 ,10.00,+2.70%,"198,157,613"
358 ,23.00,-6.04%,"137,623,023"
374 ,16.00,+4.47%,"169,717,343"
381 ,7.00,+1.87%,"184,931,430"
381 ,0,0.00%,"79,696,501"
397 ,16.00,+4.20%,"103,919,194"
392 ,5.00,-1.26%,"58,136,766"
383 ,9.00,-2.30%,"59,491,744"
370 ,13.00,-3.39%,"61,807,067"
376 ,6.00,+1.62%,"75,001,955"
373 ,3.00,-0.80%,"52,941,543"
384 ,11.00,+2.95%,"52,202,642"
370 ,14.00,-3.65%,"55,175,316"
370 ,0,0.00%,"28,996,140"
368 ,2.00,-0.54%,"31,334,834"
377 ,9.00,+2.45%,"53,542,082"
380 ,3.00,+0.80%,"45,979,558"
374 ,6.00,-1.58%,"30,332,112"
371 ,3.00,-0.80%,"35,001,621"
374 ,3.00,+0.81%,"32,052,215"
377 ,3.00,+0.80%,"46,354,959"
386 ,9.00,+2.39%,"108,520,175"
374 ,12.00,-3.11%,"70,169,795"
370 ,4.00,-1.07%,"48,868,009"
367 ,3.00,-0.81%,"38,934,309"
356 ,11.00,-3.00%,"47,950,474"
362 ,6.00,+1.69%,"45,883,898"
364 ,2.00,+0.55%,"29,685,634"
361 ,3.00,-0.82%,"19,965,273"
359 ,2.00,-0.55%,"28,008,264"
319 ,40.00,-11.14%,"132,373,676"
323 ,4.00,+1.25%,"110,725,167"
318 ,5.00,-1.55%,"57,813,582"
323 ,5.00,+1.57%,"40,406,943"
343 ,20.00,+6.19%,"98,279,995"
340 ,3.00,-0.87%,"64,828,496"
331 ,9.00,-2.65%,"42,983,439"
322 ,9.00,-2.72%,"59,111,010"
327 ,5.00,+1.55%,"74,437,171"
332 ,5.00,+1.53%,"47,879,759"
328 ,4.00,-1.20%,"38,308,764"
325 ,3.00,-0.91%,"38,731,530"
324 ,1.00,-0.31%,"46,134,132"
324 ,0,0.00%,"24,164,757"
311 ,13.00,-4.01%,"52,308,648"
311 ,0,0.00%,"48,054,647"
310 ,1.00,-0.32%,"26,334,797"
312 ,2.00,+0.65%,"20,551,989"
310 ,2.00,-0.64%,"18,979,605"
314 ,4.00,+1.29%,"36,933,730"
315 ,1.00,+0.32%,"51,136,216"
310 ,5.00,-1.59%,"26,265,616"
307 ,3.00,-0.97%,"26,775,117"
301 ,6.00,-1.95%,"38,026,696"
310 ,9.00,+2.99%,"40,058,905"
311 ,1.00,+0.32%,"45,123,688"
309 ,2.00,-0.64%,"40,573,735"
309 ,0,0.00%,"28,944,135"
306 ,3.00,-0.97%,"28,109,409"
303 ,3.00,-0.98%,"24,910,192"
304 ,1.00,+0.33%,"14,569,990"
310 ,6.00,+1.97%,"48,459,379"
307 ,3.00,-0.97%,"21,350,485"
308 ,1.00,+0.33%,"33,785,789"
338 ,30.00,+9.74%,"191,527,418"
371 ,33.00,+9.76%,"262,523,313"
357 ,14.00,-3.77%,"241,681,195"
348 ,9.00,-2.52%,"82,886,945"
344 ,4.00,-1.15%,"56,922,311"
328 ,16.00,-4.65%,"94,436,596"
319 ,9.00,-2.74%,"127,910,318"
281 ,38.00,-11.91%,"229,641,985"
294 ,13.00,+4.63%,"175,879,968"
292 ,2.00,-0.68%,"133,906,322"
292 ,0,0.00%,"93,214,487"
292 ,0,0.00%,"49,129,026"
289 ,3.00,-1.03%,"40,433,170"
308 ,19.00,+6.57%,"164,030,782"
299 ,9.00,-2.92%,"99,623,354"
304 ,5.00,+1.67%,"79,401,087"
298 ,6.00,-1.97%,"50,008,416"
303 ,5.00,+1.68%,"68,785,227"
303 ,0,0.00%,"48,293,667"
306 ,3.00,+0.99%,"55,484,344"
328 ,22.00,+7.19%,"180,584,143"
330 ,2.00,+0.61%,"126,050,552"
334 ,4.00,+1.21%,"107,349,735"
322 ,12.00,-3.59%,"70,821,857"
318 ,4.00,-1.24%,"81,885,159"
323 ,5.00,+1.57%,"39,768,033"
329 ,6.00,+1.86%,"53,073,015"
351 ,22.00,+6.69%,"132,698,687"
343 ,8.00,-2.28%,"125,813,500"
338 ,5.00,-1.46%,"94,805,946"
357 ,19.00,+5.62%,"136,677,054"
349 ,8.00,-2.24%,"110,362,971"
346 ,3.00,-0.86%,"79,826,163"
348 ,2.00,+0.58%,"68,802,602"
344 ,4.00,-1.15%,"51,174,843"
343 ,1.00,-0.29%,"71,714,430"
323 ,20.00,-5.83%,"187,586,870"
325 ,2.00,+0.62%,"113,076,903"
346 ,21.00,+6.46%,"194,399,108"
341 ,5.00,-1.45%,"216,373,580"
343 ,2.00,+0.59%,"158,505,894"
343 ,0,0.00%,"102,695,717"
349 ,6.00,+1.75%,"134,929,340"
344 ,5.00,-1.43%,"111,927,093"
345 ,1.00,+0.29%,"66,677,899"
342 ,3.00,-0.87%,"50,484,744"
343 ,1.00,+0.29%,"42,174,728"
341 ,2.00,-0.58%,"33,912,161"
345 ,4.00,+1.17%,"46,199,116"
348 ,3.00,+0.87%,"86,940,622"
357 ,9.00,+2.59%,"90,351,434"
338 ,19.00,-5.32%,"203,081,599"
321 ,17.00,-5.03%,"132,452,190"
326 ,5.00,+1.56%,"38,726,409"
325 ,1.00,-0.31%,"48,519,159"
319 ,6.00,-1.85%,"54,141,071"
317 ,2.00,-0.63%,"43,708,441"
317 ,0,0.00%,"37,873,940"
312 ,5.00,-1.58%,"42,227,244"
305 ,7.00,-2.24%,"50,964,782"
306 ,1.00,+0.33%,"21,541,854"
306 ,0,0.00%,"23,103,497"
294 ,12.00,-3.92%,"57,778,457"
297 ,3.00,+1.02%,"77,440,405"
293 ,4.00,-1.35%,"42,468,509"
287 ,6.00,-2.05%,"70,668,722"
276 ,11.00,-3.83%,"120,336,727"
278 ,2.00,+0.72%,"56,579,220"
262 ,16.00,-5.76%,"57,558,083"
256 ,6.00,-2.29%,"201,980,866"
259 ,3.00,+1.17%,"77,102,795"
262 ,3.00,+1.16%,"140,118,152"
262 ,0,0.00%,"89,547,990"
268 ,6.00,+2.29%,"59,707,628"
265 ,3.00,-1.12%,"30,745,340"
262 ,3.00,-1.13%,"39,903,704"
259 ,3.00,-1.15%,"28,957,025"
260 ,1.00,+0.39%,"20,366,003"
253 ,7.00,-2.69%,"47,957,986"
260 ,7.00,+2.77%,"42,429,451"
263 ,3.00,+1.15%,"37,454,116"
266 ,3.00,+1.14%,"20,073,359"
267 ,1.00,+0.38%,"29,218,580"
264 ,3.00,-1.12%,"26,234,676"
260 ,4.00,-1.52%,"20,454,609"
259 ,1.00,-0.38%,"12,920,520"
256 ,3.00,-1.16%,"19,015,861"
258 ,2.00,+0.78%,"28,953,127"
252 ,6.00,-2.33%,"23,121,532"
253 ,1.00,+0.40%,"23,908,655"
242 ,11.00,-4.35%,"40,437,691"
218 ,24.00,-9.92%,"114,930,159"
228 ,10.00,+4.59%,"131,160,385"
222 ,6.00,-2.63%,"49,829,711"
228 ,6.00,+2.70%,"76,210,259"
225 ,3.00,-1.32%,"19,878,591"
230 ,5.00,+2.22%,"30,950,665"
223 ,7.00,-3.04%,"33,273,664"
224 ,1.00,+0.45%,"18,309,831"
221 ,3.00,-1.34%,"11,826,788"
222 ,1.00,+0.45%,"24,493,687"
220 ,2.00,-0.90%,"22,340,893"
224 ,4.00,+1.82%,"27,527,503"
226 ,2.00,+0.89%,"26,469,900"
223 ,3.00,-1.33%,"26,913,532"
223 ,0,0.00%,"20,688,468"
223 ,0,0.00%,"16,452,746"
216 ,7.00,-3.14%,"26,363,603"
223 ,7.00,+3.24%,"51,550,601"
222 ,1.00,-0.45%,"16,639,242"
223 ,1.00,+0.45%,"25,483,790"
251 ,28.00,+12.56%,"170,608,930"
245 ,6.00,-2.39%,"137,202,408"
234 ,11.00,-4.49%,"118,773,278"
233 ,1.00,-0.43%,"48,707,464"
240 ,7.00,+3.00%,"70,627,863"
238 ,2.00,-0.83%,"66,951,005"
242 ,4.00,+1.68%,"52,651,917"
239 ,3.00,-1.24%,"28,705,722"
258 ,19.00,+7.95%,"245,805,489"
257 ,1.00,-0.39%,"266,793,521"
256 ,1.00,-0.39%,"94,639,709"
268 ,12.00,+4.69%,"142,009,024"
276 ,8.00,+2.99%,"165,866,035"
268 ,8.00,-2.90%,"168,174,150"
266 ,2.00,-0.75%,"74,649,637"
271 ,5.00,+1.88%,"90,932,765"
271 ,0,0.00%,"51,960,531"
262 ,9.00,-3.32%,"72,822,064"
258 ,4.00,-1.53%,"79,419,873"
256 ,2.00,-0.78%,"36,638,665"
267 ,11.00,+4.30%,"45,545,040"
264 ,3.00,-1.12%,"80,984,986"
271 ,7.00,+2.65%,"104,953,140"
271 ,0,0.00%,"82,606,718"
276 ,5.00,+1.85%,"89,359,691"
275 ,1.00,-0.36%,"70,805,515"
278 ,3.00,+1.09%,"47,259,897"
289 ,11.00,+3.96%,"214,247,734"
294 ,5.00,+1.73%,"99,437,681"
309 ,15.00,+5.10%,"256,092,751"
320 ,11.00,+3.56%,"259,442,193"
327 ,7.00,+2.19%,"162,367,830"
328 ,1.00,+0.31%,"105,882,126"
324 ,4.00,-1.22%,"140,089,769"
330 ,6.00,+1.85%,"126,117,971"
321 ,9.00,-2.73%,"105,716,417"
325 ,4.00,+1.25%,"115,111,050"
347 ,22.00,+6.77%,"265,056,430"
378 ,31.00,+8.93%,"424,695,927"
384 ,6.00,+1.59%,"158,219,617"
357 ,27.00,-7.03%,"250,350,330"
344 ,13.00,-3.64%,"321,132,680"
338 ,6.00,-1.74%,"277,331,133"
347 ,9.00,+2.66%,"199,099,552"
327 ,20.00,-5.76%,"129,193,052"
326 ,1.00,-0.31%,"141,088,836"
326 ,0,0.00%,"86,061,930"
327 ,1.00,+0.31%,"51,660,843"
335 ,8.00,+2.45%,"76,731,130"
326 ,9.00,-2.69%,"81,471,200"
307 ,19.00,-5.83%,"127,561,298"
281 ,26.00,-8.47%,"257,333,748"
288 ,7.00,+2.49%,"191,686,260"
287 ,1.00,-0.35%,"130,184,015"
278 ,9.00,-3.14%,"58,009,787"
276 ,2.00,-0.72%,"85,460,684"
287 ,11.00,+3.99%,"65,584,027"
280 ,7.00,-2.44%,"63,568,975"
281 ,1.00,+0.36%,"59,942,260"
286 ,5.00,+1.78%,"51,643,641"
291 ,5.00,+1.75%,"59,621,380"
283 ,8.00,-2.75%,"51,679,494"
251 ,32.00,-11.31%,"139,370,746"
257 ,6.00,+2.39%,"165,983,689"
257 ,0,0.00%,"90,394,423"
250 ,7.00,-2.72%,"84,619,982"
179 ,71.00,-28.40%,"533,182,680"
206 ,27.00,+15.08%,"811,513,755"
192 ,14.00,-6.80%,"204,584,969"
197 ,5.00,+2.60%,"163,945,038"
180 ,17.00,-8.63%,"281,305,437"
187 ,7.00,+3.89%,"201,367,020"
184 ,3.00,-1.60%,"149,837,749"
204 ,20.00,+10.87%,"264,977,507"
196 ,8.00,-3.92%,"325,233,846"
198 ,2.00,+1.02%,"106,220,674"
187 ,11.00,-5.56%,"98,239,576"
197 ,10.00,+5.35%,"141,585,044"
201 ,4.00,+2.03%,"134,481,961"
200 ,1.00,-0.50%,"94,861,641"
216 ,16.00,+8.00%,"107,453,646"
213 ,3.00,-1.39%,"176,014,374"
216 ,3.00,+1.41%,"157,306,934"
199 ,17.00,-7.87%,"83,113,780"
209 ,10.00,+5.03%,"93,354,463"
211 ,2.00,+0.96%,"68,001,855"
212 ,1.00,+0.47%,"58,693,621"
214 ,2.00,+0.94%,"73,815,436"
217 ,3.00,+1.40%,"47,908,697"
219 ,2.00,+0.92%,"34,330,628"
217 ,2.00,-0.91%,"33,804,590"
238 ,21.00,+9.68%,"75,720,804"
232 ,6.00,-2.52%,"146,417,965"
241 ,9.00,+3.88%,"89,452,707"
239 ,2.00,-0.83%,"54,023,744"
229 ,10.00,-4.18%,"98,414,303"
232 ,3.00,+1.31%,"45,451,050"
233 ,1.00,+0.43%,"56,268,606"
229 ,4.00,-1.72%,"79,144,785"
228 ,1.00,-0.44%,"45,707,191"
221 ,7.00,-3.07%,"43,690,269"
230 ,9.00,+4.07%,"117,112,363"
228 ,2.00,-0.87%,"47,561,324"
235 ,7.00,+3.07%,"46,835,682"
231 ,4.00,-1.70%,"42,568,821"
224 ,7.00,-3.03%,"66,436,297"
225 ,1.00,+0.45%,"43,166,218"
228 ,3.00,+1.33%,"36,313,119"
233 ,5.00,+2.19%,"104,409,165"
235 ,2.00,+0.86%,"80,511,565"
236 ,1.00,+0.43%,"48,453,791"
240 ,4.00,+1.69%,"46,463,120"
241 ,1.00,+0.42%,"59,184,417"
261 ,20.00,+8.30%,"122,620,859"
272 ,11.00,+4.21%,"134,110,686"
257 ,15.00,-5.51%,"258,473,985"
265 ,8.00,+3.11%,"89,293,671"
271 ,6.00,+2.26%,"72,418,168"
269 ,2.00,-0.74%,"71,615,347"
267 ,2.00,-0.74%,"88,197,229"
265 ,2.00,-0.75%,"47,812,459"
262 ,3.00,-1.13%,"55,797,104"
264 ,2.00,+0.76%,"74,226,914"
265 ,1.00,+0.38%,"68,411,838"
263 ,2.00,-0.75%,"70,060,967"
242 ,21.00,-7.98%,"182,183,629"
235 ,7.00,-2.89%,"129,345,586"
239 ,4.00,+1.70%,"58,129,393"
245 ,6.00,+2.51%,"45,958,823"
246 ,1.00,+0.41%,"68,316,059"
241 ,5.00,-2.03%,"53,143,761"
241 ,0,0.00%,"32,608,750"
241 ,0,0.00%,"34,963,647"
247 ,6.00,+2.49%,"62,366,748"
247 ,0,0.00%,"46,825,209"
245 ,2.00,-0.81%,"48,417,688"
237 ,8.00,-3.27%,"71,356,437"
244 ,7.00,+2.95%,"66,767,123"
242 ,2.00,-0.82%,"27,086,019"
235 ,7.00,-2.89%,"40,087,333"
238 ,3.00,+1.28%,"63,937,052"
235 ,3.00,-1.26%,"43,183,869"
240 ,5.00,+2.13%,"50,082,346"
243 ,3.00,+1.25%,"49,287,325"
240 ,3.00,-1.23%,"49,129,951"
247 ,7.00,+2.92%,"80,071,594"
245 ,2.00,-0.81%,"127,815,504"
250 ,5.00,+2.04%,"67,809,129"
246 ,4.00,-1.60%,"114,444,769"
247 ,1.00,+0.41%,"41,856,826"
247 ,0,0.00%,"78,830,898"
245 ,2.00,-0.81%,"40,700,600"
245 ,0,0.00%,"29,205,243"
245 ,0,0.00%,"44,663,201"
244 ,1.00,-0.41%,"31,836,344"
241 ,3.00,-1.23%,"34,745,085"
241 ,0,0.00%,"34,202,048"
226 ,15.00,-6.22%,"72,590,745"
232 ,6.00,+2.65%,"53,062,370"
231 ,1.00,-0.43%,"25,404,182"
229 ,2.00,-0.87%,"22,396,990"
232 ,3.00,+1.31%,"69,258,842"
230 ,2.00,-0.86%,"34,800,375"
234 ,4.00,+1.74%,"91,036,775"
230 ,4.00,-1.71%,"46,688,385"
228 ,2.00,-0.87%,"46,570,914"
228 ,0,0.00%,"24,091,256"
224 ,4.00,-1.75%,"19,683,233"
227 ,3.00,+1.34%,"40,211,095"
226 ,1.00,-0.44%,"30,132,557"
222 ,4.00,-1.77%,"58,867,457"
219 ,3.00,-1.35%,"44,724,089"
220 ,1.00,+0.46%,"62,927,693"
213 ,7.00,-3.18%,"39,028,823"
213 ,0,0.00%,"42,364,806"
212 ,1.00,-0.47%,"41,642,944"
210 ,2.00,-0.94%,"34,144,915"
212 ,2.00,+0.95%,"52,112,630"
209 ,3.00,-1.42%,"49,179,309"
211 ,2.00,+0.96%,"39,616,657"
212 ,1.00,+0.47%,"29,663,540"
211 ,1.00,-0.47%,"29,089,592"
224 ,13.00,+6.16%,"91,214,425"
219 ,5.00,-2.23%,"52,713,431"
243 ,24.00,+10.96%,"175,839,026"
241 ,2.00,-0.82%,"156,393,215"
237 ,4.00,-1.66%,"70,327,574"
239 ,2.00,+0.84%,"54,789,094"
239 ,0,0.00%,"41,062,331"
237 ,2.00,-0.84%,"81,375,162"
237 ,0,0.00%,"56,739,151"
236 ,1.00,-0.42%,"35,542,726"
233 ,3.00,-1.27%,"66,152,451"
232 ,1.00,-0.43%,"61,704,035"
238 ,6.00,+2.59%,"45,630,228"
237 ,1.00,-0.42%,"45,615,003"
233 ,4.00,-1.69%,"44,416,411"
236 ,3.00,+1.29%,"54,586,719"
241 ,5.00,+2.12%,"37,307,810"
247 ,6.00,+2.49%,"89,382,130"
243 ,4.00,-1.62%,"57,138,147"
253 ,10.00,+4.12%,"75,213,680"
254 ,1.00,+0.40%,"152,296,761"
263 ,9.00,+3.54%,"160,062,782"
270 ,7.00,+2.66%,"146,779,209"
287 ,17.00,+6.30%,"201,049,188"
288 ,1.00,+0.35%,"136,403,514"
307 ,19.00,+6.60%,"123,623,918"
344 ,37.00,+12.05%,"265,852,042"
340 ,4.00,-1.16%,"918,142,802"
367 ,27.00,+7.94%,"377,130,464"
359 ,8.00,-2.18%,"279,545,212"
358 ,1.00,-0.28%,"150,694,468"
358 ,0,0.00%,"127,765,440"
350 ,8.00,-2.23%,"143,940,098"
348 ,2.00,-0.57%,"88,491,511"
340 ,8.00,-2.30%,"102,708,395"
347 ,7.00,+2.06%,"107,014,675"
338 ,9.00,-2.59%,"190,101,402"
335 ,3.00,-0.89%,"154,329,381"
345 ,10.00,+2.99%,"149,550,039"
353 ,8.00,+2.32%,"177,911,297"
351 ,2.00,-0.57%,"101,596,362"
355 ,4.00,+1.14%,"99,285,334"
366 ,11.00,+3.10%,"286,573,963"
355 ,11.00,-3.01%,"177,240,846"
342 ,13.00,-3.66%,"170,176,640"
344 ,2.00,+0.58%,"93,831,613"
334 ,10.00,-2.91%,"130,314,865"
339 ,5.00,+1.50%,"82,562,295"
339 ,0,0.00%,"54,721,104"
341 ,2.00,+0.59%,"59,478,621"
330 ,11.00,-3.23%,"88,224,522"
327 ,3.00,-0.91%,"62,690,093"
314 ,13.00,-3.98%,"141,756,221"
320 ,6.00,+1.91%,"72,661,163"
322 ,2.00,+0.63%,"59,634,441"
331 ,9.00,+2.80%,"54,900,891"
331 ,0,0.00%,"58,946,501"
346 ,15.00,+4.53%,"129,075,502"
329 ,17.00,-4.91%,"209,261,884"
296 ,33.00,-10.03%,"204,764,506"
307 ,11.00,+3.72%,"248,544,709"
288 ,19.00,-6.19%,"195,850,512"
289 ,1.00,+0.35%,"149,000,280"
289 ,0,0.00%,"125,556,088"
284 ,5.00,-1.73%,"93,704,106"
285 ,1.00,+0.35%,"72,456,702"
290 ,5.00,+1.75%,"94,052,678"
289 ,1.00,-0.34%,"57,408,141"
294 ,5.00,+1.73%,"35,447,901"
290 ,4.00,-1.36%,"79,568,620"
292 ,2.00,+0.69%,"59,553,637"
289 ,3.00,-1.03%,"57,729,517"
291 ,2.00,+0.69%,"71,709,827"
296 ,5.00,+1.72%,"103,884,743"
293 ,3.00,-1.01%,"54,898,175"
294 ,1.00,+0.34%,"34,920,646"
288 ,6.00,-2.04%,"32,746,973"
272 ,16.00,-5.56%,"89,905,550"
273 ,1.00,+0.37%,"58,279,845"
259 ,14.00,-5.13%,"73,102,533"
272 ,13.00,+5.02%,"72,701,805"
280 ,8.00,+2.94%,"80,419,846"
282 ,2.00,+0.71%,"39,017,055"
283 ,1.00,+0.35%,"41,536,659"
281 ,2.00,-0.71%,"48,222,432"
283 ,2.00,+0.71%,"46,654,705"
282 ,1.00,-0.35%,"28,133,174"
278 ,4.00,-1.42%,"36,897,106"
275 ,3.00,-1.08%,"51,688,485"
274 ,1.00,-0.36%,"21,406,842"
290 ,16.00,+5.84%,"69,608,401"
291 ,1.00,+0.34%,"78,871,484"
288 ,3.00,-1.03%,"122,030,066"
290 ,2.00,+0.69%,"49,456,416"
290 ,0,0.00%,"69,019,451"
289 ,1.00,-0.34%,"71,879,581"
290 ,1.00,+0.35%,"74,822,100"
291 ,1.00,+0.34%,"42,345,840"
292 ,1.00,+0.34%,"69,259,699"
295 ,3.00,+1.03%,"62,629,914"
287 ,8.00,-2.71%,"77,524,934"
283 ,4.00,-1.39%,"59,039,545"
277 ,6.00,-2.12%,"62,597,145"
278 ,1.00,+0.36%,"29,678,860"
278 ,0,0.00%,"21,521,371"
281 ,3.00,+1.08%,"46,308,645"
279 ,2.00,-0.71%,"45,155,195"
283 ,4.00,+1.43%,"68,397,777"
289 ,6.00,+2.12%,"87,672,145"
287 ,2.00,-0.69%,"57,218,693"
289 ,2.00,+0.70%,"27,425,851"
286 ,3.00,-1.04%,"33,534,923"
282 ,4.00,-1.40%,"57,224,510"
284 ,2.00,+0.71%,"43,890,997"
280 ,4.00,-1.41%,"71,188,579"
274 ,6.00,-2.14%,"46,825,111"
270 ,4.00,-1.46%,"62,823,421"
272 ,2.00,+0.74%,"28,300,885"
271 ,1.00,-0.37%,"21,746,790"
267 ,4.00,-1.48%,"47,272,754"
271 ,4.00,+1.50%,"84,141,546"
268 ,3.00,-1.11%,"49,200,985"
274 ,6.00,+2.24%,"71,948,710"
289 ,15.00,+5.47%,"111,382,987"
280 ,9.00,-3.11%,"129,278,774"
284 ,4.00,+1.43%,"56,956,901"
279 ,5.00,-1.76%,"66,529,588"
283 ,4.00,+1.43%,"114,930,767"
285 ,2.00,+0.71%,"71,337,745"
282 ,3.00,-1.05%,"49,222,597"
293 ,11.00,+3.90%,"70,907,641"
297 ,4.00,+1.37%,"144,260,259"
299 ,2.00,+0.67%,"103,642,661"
314 ,15.00,+5.02%,"135,235,846"
331 ,17.00,+5.41%,"215,998,075"
326 ,5.00,-1.51%,"234,915,017"
338 ,12.00,+3.68%,"171,845,138"
364 ,26.00,+7.69%,"239,905,434"
500 ,136,+37.36%,"1,178,772,839"
494 ,7.00,-1.40%,"1,326,960,760"
673 ,179,+36.23%,"1,243,531,292"
758 ,85.00,+12.63%,"1,883,666,726"
702 ,56.00,-7.39%,"823,209,481"
600 ,102,-14.53%,"1,706,453,366"
627 ,27.00,+4.50%,"1,029,245,285"
688 ,61.00,+9.73%,"812,470,602"
665 ,23.00,-3.34%,"495,092,680"
720 ,55.00,+8.27%,"632,951,350"
681 ,39.00,-5.42%,"683,947,633"
691 ,10.00,+1.47%,"266,777,247"
687 ,4.00,-0.58%,"169,194,576"
612 ,75.00,-10.92%,"391,777,275"
635 ,23.00,+3.76%,"265,793,474"
673 ,38.00,+5.98%,"369,768,901"
661 ,12.00,-1.78%,"152,042,725"
612 ,49.00,-7.41%,"264,933,493"
637 ,25.00,+4.08%,"720,299,525"
626 ,12.00,-1.88%,"377,054,012"
581 ,45.00,-7.19%,"480,825,462"
555 ,29.00,-4.97%,"550,612,539"
557 ,2.00,+0.36%,"278,501,236"
540 ,17.00,-3.05%,"143,901,280"
509 ,31.00,-5.74%,"229,495,729"
611 ,102,+20.04%,"768,724,350"
626 ,15.00,+2.45%,"995,588,036"
634 ,8.00,+1.28%,"465,919,829"
634 ,0,0.00%,"256,351,134"
614 ,20.00,-3.15%,"199,701,258"
574 ,40.00,-6.51%,"432,321,418"
503 ,71.00,-12.37%,"941,187,846"
296 ,207,-41.15%,"3,751,620,778"
376 ,80.00,+27.03%,"3,118,416,958"
349 ,26.00,-6.93%,"3,261,291,097"
327 ,21.00,-6.03%,"1,128,730,657"
317 ,10.00,-3.06%,"1,212,050,521"
277 ,40.00,-12.62%,"945,715,099"
247 ,30.00,-10.83%,"2,919,976,686"
233 ,14.00,-5.67%,"1,338,916,068"
243 ,10.00,+4.29%,"616,252,352"
262 ,19.00,+7.82%,"1,025,934,533"
245 ,17.00,-6.49%,"510,408,967"
256 ,11.00,+4.49%,"871,057,217"
269 ,13.00,+5.08%,"1,485,322,366"
253 ,16.00,-5.95%,"765,746,608"
276 ,23.00,+9.09%,"1,529,761,479"
290 ,14.00,+5.07%,"139,756,809"
